,d18Op,lat,lon
0,-14.481925964355469,61.587500000000006,-165.0125
1,-14.459691047668457,61.587500000000006,-162.5125
2,-14.71812629699707,61.587500000000006,-160.00416666666666
3,-15.214383125305176,61.587500000000006,-157.5125
4,-15.471268653869629,61.587500000000006,-155.00416666666666
5,-19.618196487426758,61.587500000000006,-152.5125
6,-14.940632820129395,61.587500000000006,-150.0125
7,-15.256036758422852,63.4875,-171.8375
8,-15.042234420776367,63.212500000000006,-164.40416666666667
9,-15.29715347290039,63.420833333333334,-162.39583333333334
10,-16.332874298095703,63.47916666666667,-160.00416666666666
11,-15.598620414733887,63.47916666666667,-157.5125
12,-17.116107940673828,63.47916666666667,-155.00416666666666
13,-16.458133697509766,63.47916666666667,-152.5125
14,-18.05582046508789,63.47916666666667,-150.0125
15,-16.704620361328125,65.37916666666666,-179.99583333333334
16,-16.399524688720703,65.47083333333333,-177.49583333333334
17,-16.722412109375,65.37916666666666,-175.0125
18,-16.419429779052734,65.37916666666666,-172.50416666666666
19,-16.20693016052246,65.60416666666667,-170.5875
20,-16.227689743041992,65.4125,-167.45416666666668
21,-16.136486053466797,65.37916666666666,-165.0125
22,-16.377290725708008,65.37916666666666,-162.5125
23,-16.995426177978516,65.37916666666666,-160.00416666666666
24,-16.279924392700195,65.37916666666666,-157.5125
25,-16.60053062438965,65.37916666666666,-155.00416666666666
26,-16.621267318725586,65.37916666666666,-152.5125
27,-17.60133934020996,65.37916666666666,-150.0125
28,-19.23004913330078,67.27083333333333,-179.99583333333334
29,-18.271018981933594,67.27083333333333,-177.5125
30,-18.065595626831055,67.27083333333333,-175.0125
31,-17.69002342224121,67.02083333333333,-172.6875
32,-16.486000061035156,67.27083333333333,-162.5125
33,-16.46535873413086,67.27083333333333,-160.00416666666666
34,-17.14113998413086,67.27083333333333,-157.5125
35,-18.741931915283203,67.27083333333333,-155.00416666666666
36,-18.78914451599121,67.27083333333333,-152.5125
37,-18.222854614257812,67.27083333333333,-150.0125
38,-16.44595718383789,68.9875,-179.99583333333334
39,-17.391536712646484,68.8875,-164.90416666666667
40,-18.19424057006836,69.1625,-162.5125
41,-18.27318000793457,69.1625,-160.00416666666666
42,-18.991710662841797,69.1625,-157.5125
43,-19.495513916015625,69.1625,-155.00416666666666
44,-19.5498046875,69.1625,-152.5125
45,-19.59657859802246,69.1625,-150.0125
46,-19.59194564819336,71.0625,-179.99583333333334
47,-16.01494598388672,71.10416666666667,-177.5875
48,-18.852005004882812,70.8125,-159.54583333333335
49,-19.207536697387695,71.00416666666666,-157.34583333333333
50,-19.569246292114258,71.04583333333333,-154.99583333333334
51,-19.767974853515625,70.87916666666666,-152.57916666666665
0,-12.193678855895996,55.6875,-162.25416666666666
1,-13.567490577697754,55.90416666666667,-160.0125
2,-12.366682052612305,56.27916666666667,-157.72916666666666
3,-12.097999572753906,55.895833333333336,-155.5625
4,-12.926228523254395,57.795833333333334,-157.5125
5,-13.17640495300293,57.87083333333334,-155.10416666666666
6,-12.842631340026855,57.795833333333334,-152.5125
7,-13.55954647064209,59.9875,-167.02083333333334
8,-13.69173526763916,59.9125,-165.5875
9,-13.760026931762695,59.854166666666664,-162.04583333333335
10,-14.35315227508545,59.69583333333333,-160.0125
11,-13.945940017700195,59.69583333333333,-157.5125
12,-14.005191802978516,59.69583333333333,-155.0125
13,-14.02079963684082,59.87916666666667,-152.82083333333333
14,-15.29720401763916,59.69583333333333,-150.0125
0,-3.2572455406188965,19.854166666666664,-155.0875
0,-4.0403642654418945,-16.1375,-179.99583333333334
0,-14.943981170654297,61.587500000000006,-149.99583333333334
1,-18.012393951416016,61.587500000000006,-147.5125
2,-17.562915802001953,61.587500000000006,-145.0125
3,-16.78229522705078,61.587500000000006,-142.5125
4,-19.42258644104004,61.587500000000006,-140.0125
5,-17.63428497314453,61.587500000000006,-137.5125
6,-16.732053756713867,61.587500000000006,-135.00416666666666
7,-18.422292709350586,61.587500000000006,-132.5125
8,-18.467809677124023,61.587500000000006,-130.00416666666666
9,-19.135513305664062,61.587500000000006,-127.5125
10,-19.27933692932129,61.587500000000006,-125.0125
11,-18.082799911499023,61.587500000000006,-122.5125
12,-18.081466674804688,61.587500000000006,-120.0125
13,-18.206336975097656,63.47916666666667,-149.99583333333334
14,-18.561298370361328,63.47916666666667,-147.5125
15,-21.165361404418945,63.47916666666667,-145.0125
16,-18.3594913482666,63.47916666666667,-142.5125
17,-18.5688419342041,63.47916666666667,-140.0125
18,-18.032161712646484,63.47916666666667,-137.5125
19,-17.423002243041992,63.47916666666667,-135.00416666666666
20,-17.392492294311523,63.47916666666667,-132.5125
21,-19.41977310180664,63.47916666666667,-130.00416666666666
22,-19.54729461669922,63.47916666666667,-127.5125
23,-18.427553176879883,63.47916666666667,-125.0125
24,-19.063413619995117,63.47916666666667,-122.5125
25,-19.078060150146484,63.47916666666667,-120.0125
26,-17.617713928222656,65.37916666666666,-149.99583333333334
27,-17.60858154296875,65.37916666666666,-147.5125
28,-18.636343002319336,65.37916666666666,-145.0125
29,-17.827585220336914,65.37916666666666,-142.5125
30,-20.0128173828125,65.37916666666666,-140.0125
31,-19.173545837402344,65.37916666666666,-137.5125
32,-18.294679641723633,65.37916666666666,-135.00416666666666
33,-19.976200103759766,65.37916666666666,-132.5125
34,-18.946674346923828,65.37916666666666,-130.00416666666666
35,-17.915864944458008,65.37916666666666,-127.5125
36,-18.534915924072266,65.37916666666666,-125.0125
37,-19.467031478881836,65.37916666666666,-122.5125
38,-19.52737808227539,65.37916666666666,-120.0125
39,-18.230131149291992,67.27083333333333,-149.99583333333334
40,-19.10256576538086,67.27083333333333,-147.5125
41,-18.217348098754883,67.27083333333333,-145.0125
42,-18.957578659057617,67.27083333333333,-142.5125
43,-19.789865493774414,67.27083333333333,-140.0125
44,-19.545774459838867,67.27083333333333,-137.5125
45,-19.06500244140625,67.27083333333333,-135.00416666666666
46,-18.66402244567871,67.27083333333333,-132.5125
47,-19.12070083618164,67.27083333333333,-130.00416666666666
48,-19.76458168029785,67.27083333333333,-127.5125
49,-19.899816513061523,67.27083333333333,-125.0125
50,-19.91962242126465,67.27083333333333,-122.5125
51,-20.015094757080078,67.27083333333333,-120.0125
52,-19.6093807220459,69.1625,-149.99583333333334
53,-21.115694046020508,69.1625,-147.5125
54,-22.260868072509766,69.1625,-145.0125
55,-21.638063430786133,69.1625,-142.5125
56,-20.997314453125,69.1625,-140.0125
57,-19.622901916503906,69.05416666666667,-137.7625
58,-19.358617782592773,69.1625,-135.00416666666666
59,-19.29118537902832,69.1625,-132.5125
60,-19.22438621520996,69.1625,-130.00416666666666
61,-19.78911018371582,69.1625,-127.5125
62,-19.79228401184082,69.1625,-125.0125
63,-19.75480079650879,69.1625,-122.5125
64,-20.17287826538086,69.1625,-120.0125
65,-16.931896209716797,71.09583333333333,-122.7625
66,-19.93873405456543,72.8875,-125.0375
67,-20.35132598876953,72.95416666666667,-122.5125
68,-20.443098068237305,72.95416666666667,-120.0125
69,-20.736589431762695,74.52916666666667,-121.89583333333333
70,-21.433650970458984,76.4375,-121.99583333333334
71,-21.414201736450195,76.74583333333334,-120.0125
0,-6.305245876312256,35.0625,-120.0125
1,-5.602581977844238,37.1125,-122.32916666666667
2,-5.922412872314453,36.954166666666666,-120.0125
3,-7.249713897705078,38.85416666666667,-122.5125
4,-11.651172637939453,38.85416666666667,-120.0125
5,-9.57634449005127,40.74583333333334,-122.5125
6,-12.109173774719238,40.74583333333334,-120.0125
7,-7.709789752960205,42.7375,-124.5125
8,-11.510697364807129,42.6375,-122.5125
9,-12.40709400177002,42.6375,-120.0125
10,-9.712890625,44.5375,-122.5125
11,-12.497198104858398,44.5375,-120.0125
12,-10.19592571258545,46.42916666666667,-122.5125
13,-11.173208236694336,46.42916666666667,-120.0125
14,-9.368557929992676,48.37916666666666,-124.72916666666667
15,-10.48531723022461,48.3125,-122.5125
16,-13.423665046691895,48.32083333333333,-120.0125
17,-9.699653625488281,50.22083333333333,-127.5125
18,-11.720399856567383,50.22083333333333,-124.99583333333334
19,-14.205426216125488,50.22083333333333,-122.5125
20,-14.809103012084961,50.22083333333333,-120.0125
21,-11.859688758850098,52.1125,-127.5125
22,-16.227876663208008,52.1125,-125.0125
23,-16.346969604492188,52.1125,-122.5125
24,-18.076618194580078,52.1125,-120.0125
25,-11.44530200958252,54.0125,-132.5125
26,-12.228758811950684,54.0125,-130.0125
27,-15.577512741088867,54.0125,-127.5125
28,-16.398176193237305,54.0125,-125.0125
29,-16.329757690429688,54.0125,-122.5125
30,-17.67702293395996,54.0125,-120.0125
31,-8.931554794311523,55.8625,-134.57916666666668
32,-10.27490234375,55.87083333333334,-132.57916666666665
33,-13.661022186279297,55.895833333333336,-129.99583333333334
34,-18.294727325439453,55.90416666666667,-127.5125
35,-17.574556350708008,55.90416666666667,-125.0125
36,-17.099224090576172,55.90416666666667,-122.5125
37,-16.08452033996582,55.90416666666667,-120.0125
38,-13.335488319396973,57.795833333333334,-135.0125
39,-16.852619171142578,57.795833333333334,-132.5125
40,-18.538240432739258,57.795833333333334,-130.0125
41,-19.17329978942871,57.795833333333334,-127.5125
42,-18.768136978149414,57.795833333333334,-125.0125
43,-17.091760635375977,57.795833333333334,-122.5125
44,-16.38343048095703,57.795833333333334,-120.0125
45,-14.898831367492676,59.69583333333333,-149.99583333333334
46,-13.832817077636719,59.80416666666667,-147.69583333333333
47,-12.39435863494873,59.80416666666667,-144.59583333333333
48,-12.966474533081055,59.99583333333333,-141.8625
49,-12.576578140258789,59.75416666666667,-140.07916666666668
50,-17.052261352539062,59.69583333333333,-137.5125
51,-17.500215530395508,59.69583333333333,-135.0125
52,-18.508373260498047,59.69583333333333,-132.5125
53,-18.351036071777344,59.69583333333333,-130.0125
54,-17.363248825073242,59.69583333333333,-127.5125
55,-17.832172393798828,59.69583333333333,-125.0125
56,-17.13535499572754,59.69583333333333,-122.5125
57,-16.872705459594727,59.69583333333333,-120.0125
0,-18.085250854492188,61.587500000000006,-119.99583333333334
1,-18.336090087890625,61.587500000000006,-117.50416666666666
2,-19.01771354675293,61.587500000000006,-115.0125
3,-19.214279174804688,61.587500000000006,-112.5125
4,-19.138877868652344,61.587500000000006,-110.0125
5,-19.234800338745117,61.587500000000006,-107.5125
6,-19.308547973632812,61.587500000000006,-105.00416666666666
7,-19.07198715209961,61.587500000000006,-102.5125
8,-18.629697799682617,61.587500000000006,-100.0125
9,-18.25368309020996,61.587500000000006,-97.5125
10,-17.826040267944336,61.587500000000006,-95.0125
11,-16.609148025512695,61.82083333333333,-92.69583333333333
12,-19.06705665588379,63.47916666666667,-119.99583333333334
13,-19.09735870361328,63.47916666666667,-117.50416666666666
14,-19.39511489868164,63.47916666666667,-115.0125
15,-19.771331787109375,63.47916666666667,-112.5125
16,-19.792591094970703,63.47916666666667,-110.0125
17,-19.623828887939453,63.47916666666667,-107.5125
18,-19.381877899169922,63.47916666666667,-105.00416666666666
19,-19.153703689575195,63.47916666666667,-102.5125
20,-19.013513565063477,63.47916666666667,-100.0125
21,-18.75041389465332,63.47916666666667,-97.5125
22,-18.648832321166992,63.47916666666667,-95.0125
23,-18.123666763305664,63.47916666666667,-92.5125
24,-18.045902252197266,63.59583333333333,-90.2375
25,-19.525007247924805,65.37916666666666,-119.99583333333334
26,-19.684890747070312,65.37916666666666,-117.50416666666666
27,-20.12994384765625,65.37916666666666,-115.0125
28,-19.95175552368164,65.37916666666666,-112.5125
29,-19.90277671813965,65.37916666666666,-110.0125
30,-19.671831130981445,65.37916666666666,-107.5125
31,-19.53973960876465,65.37916666666666,-105.00416666666666
32,-19.437917709350586,65.37916666666666,-102.5125
33,-19.59832000732422,65.37916666666666,-100.0125
34,-19.67966079711914,65.37916666666666,-97.5125
35,-19.59356689453125,65.37916666666666,-95.0125
36,-19.43035125732422,65.37916666666666,-92.5125
37,-19.306947708129883,65.37916666666666,-90.0125
38,-20.011075973510742,67.27083333333333,-119.99583333333334
39,-20.13363265991211,67.27083333333333,-117.50416666666666
40,-20.13917350769043,67.27083333333333,-115.0125
41,-20.128116607666016,67.27083333333333,-112.5125
42,-20.11517906188965,67.27083333333333,-110.0125
43,-19.451759338378906,67.27083333333333,-107.5125
44,-19.793537139892578,67.27083333333333,-105.00416666666666
45,-19.921892166137695,67.27083333333333,-102.5125
46,-20.211467742919922,67.27083333333333,-100.0125
47,-20.12687873840332,67.27083333333333,-97.5125
48,-19.835084915161133,67.27083333333333,-95.0125
49,-20.299684524536133,67.27083333333333,-92.5125
50,-19.666757583618164,67.27083333333333,-90.0125
51,-20.259492874145508,69.1625,-119.99583333333334
52,-19.724048614501953,68.97916666666667,-117.5875
53,-19.963714599609375,69.25416666666666,-115.00416666666666
54,-20.40411949157715,69.1625,-112.5125
55,-20.6202449798584,69.1625,-110.0125
56,-20.582897186279297,69.1625,-107.5125
57,-20.257835388183594,69.1625,-105.00416666666666
58,-20.541515350341797,69.1625,-102.5125
59,-20.650423049926758,69.12083333333334,-99.97916666666667
60,-20.49663543701172,69.1625,-97.5125
61,-20.352441787719727,68.97083333333333,-94.57916666666667
62,-20.996675491333008,69.1625,-92.5125
63,-20.89147186279297,69.1625,-90.02083333333333
64,-20.2154483795166,71.0625,-117.50416666666666
65,-21.09072494506836,71.0625,-115.0125
66,-21.505590438842773,71.0625,-112.5125
67,-21.479660034179688,71.0625,-110.0125
68,-20.856367111206055,71.0625,-107.5125
69,-20.58765411376953,71.0625,-105.00416666666666
70,-20.708452224731445,70.67916666666667,-102.9875
71,-20.7119197845459,71.37083333333334,-99.22916666666667
72,-20.442262649536133,71.12083333333334,-96.5125
73,-21.24480438232422,71.0625,-95.0125
74,-17.48203468322754,71.05416666666667,-92.84583333333333
75,-20.44890022277832,72.95416666666667,-119.99583333333334
76,-20.398056030273438,72.9125,-117.34583333333333
77,-21.1925106048584,72.95416666666667,-115.0125
78,-21.26044273376465,72.95416666666667,-112.5125
79,-21.010847091674805,72.95416666666667,-110.0125
80,-20.934045791625977,72.95416666666667,-107.5125
81,-20.719715118408203,72.94583333333333,-105.12916666666666
82,-20.88478660583496,72.95416666666667,-102.5125
83,-20.616729736328125,72.95416666666667,-100.0125
84,-20.787025451660156,72.95416666666667,-97.5125
85,-20.881153106689453,72.95416666666667,-95.0125
86,-21.655738830566406,72.95416666666667,-92.5125
87,-20.702770233154297,75.17083333333333,-117.22083333333333
88,-20.93815803527832,74.97083333333333,-115.00416666666666
89,-21.639488220214844,74.85416666666667,-112.5125
90,-21.40611457824707,74.85416666666667,-110.0125
91,-21.04703140258789,74.92083333333333,-107.25416666666666
92,-21.35660171508789,75.05416666666667,-104.57083333333333
93,-21.8607177734375,74.97916666666667,-99.89583333333333
94,-16.741195678710938,75.0125,-97.60416666666667
95,-22.023012161254883,74.85416666666667,-95.0125
96,-21.8603515625,74.8375,-92.07083333333333
97,-22.61225700378418,74.85416666666667,-90.0125
98,-21.40997314453125,76.74583333333334,-119.99583333333334
99,-21.068269729614258,76.74583333333334,-117.50416666666666
100,-21.23440933227539,76.77083333333333,-114.8125
101,-16.528656005859375,76.79583333333333,-113.45416666666667
102,-21.88700294494629,76.69583333333333,-109.50416666666666
103,-16.610754013061523,76.7375,-108.40416666666667
104,-22.12587547302246,76.6375,-104.5125
105,-22.69575309753418,76.6125,-101.7625
106,-22.75253677368164,76.74583333333334,-100.0125
107,-22.66071891784668,76.79583333333333,-97.07916666666667
108,-23.277374267578125,76.74583333333334,-95.0125
109,-22.520397186279297,76.6125,-92.50416666666666
110,-23.101709365844727,76.74583333333334,-90.0125
111,-22.462825775146484,78.60416666666667,-112.1625
112,-22.829439163208008,78.6375,-110.0125
113,-22.769153594970703,78.57916666666667,-104.80416666666667
114,-23.165666580200195,78.6375,-102.5125
115,-22.948089599609375,78.62916666666666,-100.0125
116,-23.35517692565918,78.6375,-97.5125
117,-22.72579574584961,78.5125,-95.52083333333333
118,-22.351320266723633,78.6375,-92.5125
119,-22.667551040649414,78.6375,-90.0125
120,-17.365819931030273,80.35416666666667,-96.60416666666667
121,-23.434654235839844,80.5375,-95.0125
122,-23.81110382080078,80.5375,-92.5125
123,-17.29621124267578,80.52916666666667,-90.0125
0,-3.7498481273651123,31.270833333333332,-115.0125
1,-5.4525604248046875,31.270833333333332,-112.5125
2,-9.763263702392578,31.270833333333332,-110.0125
3,-7.706376552581787,31.270833333333332,-107.5125
4,-8.508959770202637,31.270833333333332,-105.0125
5,-6.284000396728516,31.270833333333332,-102.5125
6,-6.081396579742432,31.270833333333332,-100.0125
7,-4.7792253494262695,31.270833333333332,-97.5125
8,-4.565339088439941,31.270833333333332,-95.0125
9,-4.424659252166748,31.270833333333332,-92.5125
10,-4.6680779457092285,31.270833333333332,-90.0125
11,-4.574141025543213,33.22083333333333,-117.40416666666667
12,-6.704143047332764,33.1625,-115.0125
13,-7.089208126068115,33.1625,-112.5125
14,-8.56046199798584,33.1625,-110.0125
15,-8.904313087463379,33.1625,-107.5125
16,-8.357080459594727,33.1625,-105.0125
17,-7.3977742195129395,33.1625,-102.5125
18,-6.144257545471191,33.1625,-100.0125
19,-5.133296012878418,33.1625,-97.5125
20,-4.769239902496338,33.1625,-95.0125
21,-4.806591987609863,33.1625,-92.5125
22,-4.9631876945495605,33.1625,-90.0125
23,-6.212336540222168,35.0625,-119.99583333333334
24,-7.392738342285156,35.0625,-117.5125
25,-8.65667724609375,35.0625,-115.0125
26,-9.365232467651367,35.0625,-112.5125
27,-9.194245338439941,35.0625,-110.0125
28,-9.651297569274902,35.0625,-107.5125
29,-8.680447578430176,35.0625,-105.0125
30,-7.766486644744873,35.0625,-102.5125
31,-6.23892068862915,35.0625,-100.0125
32,-5.586768627166748,35.0625,-97.5125
33,-5.7732696533203125,35.0625,-95.0125
34,-4.934370517730713,35.0625,-92.5125
35,-4.978939056396484,35.0625,-90.0125
36,-5.927485942840576,36.954166666666666,-119.99583333333334
37,-8.452977180480957,36.954166666666666,-117.5125
38,-8.065947532653809,36.954166666666666,-115.0125
39,-9.328539848327637,36.954166666666666,-112.5125
40,-9.428350448608398,36.954166666666666,-110.0125
41,-10.992987632751465,36.954166666666666,-107.5125
42,-12.726566314697266,36.954166666666666,-105.0125
43,-8.354597091674805,36.954166666666666,-102.5125
44,-6.899804592132568,36.954166666666666,-100.0125
45,-6.241030216217041,36.954166666666666,-97.5125
46,-5.933544158935547,36.954166666666666,-95.0125
47,-6.074340343475342,36.954166666666666,-92.5125
48,-5.500372409820557,36.954166666666666,-90.0125
49,-11.811305046081543,38.85416666666667,-119.99583333333334
50,-12.970454216003418,38.85416666666667,-117.5125
51,-11.067635536193848,38.85416666666667,-115.0125
52,-10.342284202575684,38.85416666666667,-112.5125
53,-10.071483612060547,38.85416666666667,-110.0125
54,-12.53598690032959,38.85416666666667,-107.5125
55,-13.634592056274414,38.85416666666667,-105.0125
56,-9.860757827758789,38.85416666666667,-102.5125
57,-7.93428373336792,38.85416666666667,-100.0125
58,-7.08240270614624,38.85416666666667,-97.5125
59,-6.9254021644592285,38.85416666666667,-95.0125
60,-6.729762554168701,38.85416666666667,-92.5125
61,-6.5247626304626465,38.85416666666667,-90.0125
62,-12.165550231933594,40.74583333333334,-119.99583333333334
63,-11.89646053314209,40.74583333333334,-117.5125
64,-12.10193157196045,40.74583333333334,-115.0125
65,-10.760791778564453,40.74583333333334,-112.5125
66,-15.490121841430664,40.74583333333334,-110.0125
67,-13.613936424255371,40.74583333333334,-107.5125
68,-11.735113143920898,40.74583333333334,-105.0125
69,-10.27342414855957,40.74583333333334,-102.5125
70,-9.098997116088867,40.74583333333334,-100.0125
71,-8.218941688537598,40.74583333333334,-97.5125
72,-7.756819248199463,40.74583333333334,-95.0125
73,-7.685158729553223,40.74583333333334,-92.5125
74,-7.499268054962158,40.74583333333334,-90.0125
75,-12.284661293029785,42.6375,-119.99583333333334
76,-11.627946853637695,42.6375,-117.5125
77,-11.305488586425781,42.6375,-115.0125
78,-12.640406608581543,42.6375,-112.5125
79,-14.422333717346191,42.6375,-110.0125
80,-14.230562210083008,42.6375,-107.5125
81,-12.31884765625,42.6375,-105.0125
82,-11.038508415222168,42.6375,-102.5125
83,-9.841471672058105,42.6375,-100.0125
84,-9.182906150817871,42.6375,-97.5125
85,-8.757116317749023,42.6375,-95.0125
86,-8.512994766235352,42.6375,-92.5125
87,-8.593029022216797,42.6375,-90.0125
88,-12.554998397827148,44.5375,-119.99583333333334
89,-13.088305473327637,44.5375,-117.5125
90,-15.734453201293945,44.5375,-115.0125
91,-15.576713562011719,44.5375,-112.5125
92,-16.151212692260742,44.5375,-110.0125
93,-14.775347709655762,44.5375,-107.5125
94,-12.831742286682129,44.5375,-105.0125
95,-11.182214736938477,44.5375,-102.5125
96,-10.031330108642578,44.5375,-100.0125
97,-9.898642539978027,44.5375,-97.5125
98,-9.354670524597168,44.5375,-95.0125
99,-9.54004192352295,44.5375,-92.5125
100,-9.92171573638916,44.5375,-90.0125
101,-11.260906219482422,46.42916666666667,-119.99583333333334
102,-12.36563491821289,46.42916666666667,-117.5125
103,-14.230878829956055,46.42916666666667,-115.0125
104,-15.83255672454834,46.42916666666667,-112.5125
105,-13.753287315368652,46.42916666666667,-110.0125
106,-12.449360847473145,46.42916666666667,-107.5125
107,-12.38698959350586,46.42916666666667,-105.0125
108,-11.628194808959961,46.42916666666667,-102.5125
109,-10.73025131225586,46.42916666666667,-100.0125
110,-10.21914291381836,46.42916666666667,-97.5125
111,-10.722282409667969,46.42916666666667,-95.0125
112,-10.97643756866455,46.42916666666667,-92.5125
113,-11.734734535217285,46.42916666666667,-90.0125
114,-12.908154487609863,48.32083333333333,-119.99583333333334
115,-14.8013334274292,48.32083333333333,-117.5125
116,-13.89708423614502,48.32083333333333,-115.0125
117,-14.116048812866211,48.32083333333333,-112.5125
118,-13.011760711669922,48.32083333333333,-110.0125
119,-12.812039375305176,48.32083333333333,-107.5125
120,-12.531749725341797,48.32083333333333,-105.0125
121,-12.442574501037598,48.32083333333333,-102.5125
122,-11.450148582458496,48.32083333333333,-100.0125
123,-11.378758430480957,48.32083333333333,-97.5125
124,-12.28076457977295,48.32083333333333,-95.0125
125,-12.55003833770752,48.32083333333333,-92.5125
126,-12.994928359985352,48.32083333333333,-90.0125
127,-15.429474830627441,50.22083333333333,-119.99583333333334
128,-15.429893493652344,50.22083333333333,-117.5125
129,-17.12587547302246,50.22083333333333,-115.0125
130,-14.133456230163574,50.22083333333333,-112.5125
131,-13.640532493591309,50.22083333333333,-110.0125
132,-13.885013580322266,50.22083333333333,-107.5125
133,-14.15086841583252,50.22083333333333,-105.0125
134,-13.888516426086426,50.22083333333333,-102.5125
135,-13.091527938842773,50.22083333333333,-100.0125
136,-13.281707763671875,50.22083333333333,-97.5125
137,-13.95353889465332,50.22083333333333,-95.0125
138,-14.130892753601074,50.22083333333333,-92.5125
139,-14.059479713439941,50.22083333333333,-90.0125
140,-17.679283142089844,52.1125,-119.99583333333334
141,-18.68604850769043,52.1125,-117.5125
142,-16.893159866333008,52.1125,-115.0125
143,-15.044878005981445,52.1125,-112.5125
144,-14.308338165283203,52.1125,-110.0125
145,-14.929701805114746,52.1125,-107.5125
146,-15.217203140258789,52.1125,-105.0125
147,-14.895750045776367,52.1125,-102.5125
148,-14.328060150146484,52.1125,-100.0125
149,-14.366954803466797,52.1125,-97.5125
150,-14.923812866210938,52.1125,-95.0125
151,-15.180110931396484,52.1125,-92.5125
152,-15.300963401794434,52.1125,-90.0125
153,-17.792415618896484,54.0125,-119.99583333333334
154,-17.005352020263672,54.0125,-117.5125
155,-16.107589721679688,54.0125,-115.0125
156,-15.071969032287598,54.0125,-112.5125
157,-15.046304702758789,54.0125,-110.0125
158,-15.72548770904541,54.0125,-107.5125
159,-15.833627700805664,54.0125,-105.0125
160,-15.198465347290039,54.0125,-102.5125
161,-15.087987899780273,54.0125,-100.0125
162,-15.46677017211914,54.0125,-97.5125
163,-15.84124755859375,54.0125,-95.0125
164,-15.877606391906738,54.0125,-92.5125
165,-15.945377349853516,54.0125,-90.0125
166,-16.071514129638672,55.90416666666667,-119.99583333333334
167,-15.768969535827637,55.90416666666667,-117.5125
168,-15.534883499145508,55.90416666666667,-115.0125
169,-15.331689834594727,55.90416666666667,-112.5125
170,-15.698288917541504,55.90416666666667,-110.0125
171,-16.122419357299805,55.90416666666667,-107.5125
172,-16.242115020751953,55.90416666666667,-105.0125
173,-15.951117515563965,55.90416666666667,-102.5125
174,-15.951835632324219,55.90416666666667,-100.0125
175,-16.318588256835938,55.90416666666667,-97.5125
176,-16.363018035888672,55.90416666666667,-95.0125
177,-16.06344985961914,55.90416666666667,-92.5125
178,-16.09908103942871,55.90416666666667,-90.0125
179,-16.379159927368164,57.795833333333334,-119.99583333333334
180,-16.19812774658203,57.795833333333334,-117.5125
181,-16.236417770385742,57.795833333333334,-115.0125
182,-16.436891555786133,57.795833333333334,-112.5125
183,-16.66443634033203,57.795833333333334,-110.0125
184,-16.874923706054688,57.795833333333334,-107.5125
185,-17.01428985595703,57.795833333333334,-105.0125
186,-17.079280853271484,57.795833333333334,-102.5125
187,-17.134994506835938,57.795833333333334,-100.0125
188,-17.169906616210938,57.795833333333334,-97.5125
189,-16.934598922729492,57.795833333333334,-95.0125
190,-16.59276008605957,57.7625,-92.70416666666667
191,-16.875816345214844,59.69583333333333,-119.99583333333334
192,-17.075420379638672,59.69583333333333,-117.5125
193,-17.534215927124023,59.69583333333333,-115.0125
194,-17.604412078857422,59.69583333333333,-112.5125
195,-17.627614974975586,59.69583333333333,-110.0125
196,-17.756093978881836,59.69583333333333,-107.5125
197,-18.109840393066406,59.69583333333333,-105.0125
198,-18.27688980102539,59.69583333333333,-102.5125
199,-18.0858097076416,59.69583333333333,-100.0125
200,-17.826725006103516,59.69583333333333,-97.5125
201,-17.452133178710938,59.69583333333333,-95.0125
0,-3.382467269897461,14.5375,-92.22916666666667
1,-5.4620513916015625,14.220833333333333,-90.0125
2,-3.0313234329223633,16.1125,-97.5125
3,-2.7626538276672363,16.195833333333333,-95.00416666666666
4,-4.371667385101318,16.1125,-92.5125
5,-3.069432497024536,16.1125,-90.0125
6,-2.6951422691345215,18.020833333333336,-102.50416666666666
7,-5.214908599853516,18.0125,-100.0125
8,-8.168815612792969,18.0125,-97.5125
9,-3.1413791179656982,18.0125,-95.0125
10,-3.098395824432373,18.0125,-92.5125
11,-3.505044460296631,18.0125,-90.0125
12,-4.256954193115234,19.90416666666667,-105.0125
13,-8.511371612548828,19.90416666666667,-102.5125
14,-9.440471649169922,19.90416666666667,-100.0125
15,-7.425496578216553,19.90416666666667,-97.5125
16,-2.5966904163360596,19.90416666666667,-90.0125
17,-3.317100763320923,21.795833333333334,-105.0125
18,-9.174108505249023,21.795833333333334,-102.5125
19,-5.350171089172363,21.795833333333334,-100.0125
20,-2.5511817932128906,21.745833333333334,-97.54583333333333
21,-4.6761932373046875,23.695833333333333,-110.0125
22,-9.437795639038086,23.695833333333333,-105.0125
23,-8.012856483459473,23.695833333333333,-102.5125
24,-6.627448558807373,23.695833333333333,-100.0125
25,-2.3411853313446045,23.670833333333334,-97.74583333333334
26,-2.157749652862549,25.52916666666667,-112.10416666666667
27,-5.996771812438965,25.5875,-107.5125
28,-7.665835857391357,25.5875,-105.0125
29,-5.983180522918701,25.5875,-102.5125
30,-4.562600612640381,25.5875,-100.0125
31,-2.0978822708129883,25.5875,-97.5125
32,-2.039862632751465,27.620833333333334,-114.84583333333333
33,-3.5319859981536865,27.479166666666668,-112.5125
34,-3.4407806396484375,27.479166666666668,-110.0125
35,-9.831766128540039,27.479166666666668,-107.5125
36,-7.294590473175049,27.479166666666668,-105.0125
37,-6.866757392883301,27.479166666666668,-102.5125
38,-3.9516875743865967,27.479166666666668,-100.0125
39,-2.5591061115264893,27.479166666666668,-97.5125
40,-2.49186635017395,29.3875,-115.00416666666666
41,-3.058018922805786,29.370833333333334,-112.4125
42,-7.188700199127197,29.379166666666666,-110.0125
43,-9.669527053833008,29.379166666666666,-107.5125
44,-7.084807872772217,29.379166666666666,-105.0125
45,-6.379006862640381,29.379166666666666,-102.5125
46,-5.10915470123291,29.379166666666666,-100.0125
47,-3.9657137393951416,29.379166666666666,-97.5125
48,-3.848039388656616,29.379166666666666,-95.0125
49,-3.8830060958862305,29.554166666666667,-92.42916666666667
50,-3.5887057781219482,29.379166666666666,-90.0125
0,-1.1465370655059814,-0.8375,-90.0375
0,-18.206693649291992,61.59583333333333,-79.87916666666666
1,-17.518598556518555,61.587500000000006,-77.5125
2,-17.31899642944336,61.587500000000006,-75.0125
3,-17.515649795532227,61.587500000000006,-72.5125
4,-17.044723510742188,61.587500000000006,-65.0125
5,-18.049259185791016,63.77083333333333,-89.9875
6,-18.114551544189453,63.5625,-87.14583333333333
7,-18.500446319580078,63.47916666666667,-85.0125
8,-18.7595157623291,63.670833333333334,-82.37083333333334
9,-18.5299015045166,63.72916666666667,-80.19583333333333
10,-17.88932991027832,63.420833333333334,-77.65416666666667
11,-17.998558044433594,63.60416666666667,-72.37916666666666
12,-19.118305206298828,63.47916666666667,-70.0125
13,-18.03536033630371,63.4875,-67.49583333333334
14,-17.146984100341797,63.462500000000006,-65.0125
15,-19.316577911376953,65.37916666666666,-89.99583333333334
16,-18.24378776550293,65.37916666666666,-87.5125
17,-18.338260650634766,65.37916666666666,-85.0125
18,-17.735143661499023,65.5875,-83.09583333333333
19,-18.709566116333008,65.37083333333334,-77.47083333333333
20,-18.768043518066406,65.37916666666666,-75.0125
21,-19.428110122680664,65.37916666666666,-72.5125
22,-19.95791244506836,65.37916666666666,-70.0125
23,-18.80309295654297,65.37916666666666,-67.5125
24,-18.005611419677734,65.37916666666666,-65.0125
25,-16.745832443237305,65.52083333333333,-62.4875
26,-19.668787002563477,67.27083333333333,-89.99583333333334
27,-18.85627555847168,67.27083333333333,-87.5125
28,-19.265687942504883,67.27083333333333,-85.0125
29,-19.454261779785156,67.27083333333333,-82.5125
30,-20.221134185791016,67.39583333333333,-77.22916666666667
31,-20.753870010375977,67.3875,-75.32916666666667
32,-20.605337142944336,67.32083333333333,-72.3625
33,-20.572322845458984,67.27083333333333,-70.0125
34,-20.376861572265625,67.27083333333333,-67.5125
35,-20.663949966430664,67.27083333333333,-65.0125
36,-16.993919372558594,67.22916666666667,-62.52916666666667
37,-20.916793823242188,69.1375,-89.99583333333334
38,-20.497203826904297,68.92083333333333,-88.2125
39,-20.399532318115234,69.15416666666667,-85.0125
40,-20.212783813476562,69.1625,-82.5125
41,-17.64316177368164,69.35416666666667,-80.10416666666667
42,-19.976123809814453,69.1875,-77.30416666666667
43,-20.526697158813477,69.1625,-75.0125
44,-20.96525001525879,69.1625,-72.5125
45,-21.234474182128906,69.1625,-70.0125
46,-18.909503936767578,69.17083333333333,-67.4875
47,-21.839920043945312,71.07083333333333,-89.49583333333334
48,-21.7265625,71.07916666666667,-87.4375
49,-21.01663589477539,71.0625,-85.0125
50,-20.57783317565918,71.0625,-82.5125
51,-20.115530014038086,71.0625,-80.0125
52,-20.24612808227539,71.0625,-77.5125
53,-21.097076416015625,71.0625,-75.0125
54,-22.669876098632812,71.0625,-72.5125
55,-19.738910675048828,70.87083333333334,-69.9125
56,-21.293733596801758,72.97083333333333,-89.34583333333333
57,-21.790681838989258,72.95416666666667,-87.5125
58,-20.14434051513672,72.92916666666667,-85.05416666666667
59,-20.42947769165039,72.95416666666667,-82.5125
60,-19.038911819458008,72.95416666666667,-80.0125
61,-22.198816299438477,72.95416666666667,-77.5125
62,-19.397933959960938,72.5625,-75.59583333333333
63,-22.584768295288086,74.85416666666667,-89.99583333333334
64,-22.460315704345703,74.85416666666667,-87.5125
65,-22.39446449279785,74.85416666666667,-85.0125
66,-22.100494384765625,74.85416666666667,-82.5125
67,-19.767274856567383,74.85416666666667,-80.0125
68,-23.003067016601562,76.74583333333334,-89.99583333333334
69,-22.9919376373291,76.74583333333334,-87.5125
70,-23.084938049316406,76.74583333333334,-85.0125
71,-22.061641693115234,76.74583333333334,-82.5125
72,-22.525314331054688,76.74583333333334,-80.0125
73,-20.657577514648438,76.7375,-77.8125
74,-18.95795249938965,76.70416666666667,-72.52916666666667
75,-19.477983474731445,76.7625,-69.92083333333333
76,-20.06364631652832,76.74583333333334,-67.5125
77,-21.986413955688477,76.74583333333334,-65.0125
78,-20.702726364135742,76.74583333333334,-62.5125
79,-19.250431060791016,76.74583333333334,-60.0125
80,-22.712539672851562,78.6375,-89.99583333333334
81,-22.0028076171875,78.65416666666667,-87.57916666666667
82,-23.03778076171875,78.6375,-85.0125
83,-21.303592681884766,78.6375,-82.42083333333333
84,-24.895893096923828,78.6375,-80.0125
85,-25.07489585876465,78.6375,-77.5125
86,-21.824684143066406,78.6375,-75.0125
87,-20.172353744506836,78.52916666666667,-72.30416666666667
88,-20.02840805053711,78.6375,-70.0125
89,-20.438554763793945,78.6375,-67.5125
90,-21.148517608642578,78.6375,-65.0125
91,-21.183042526245117,78.6375,-62.5125
92,-21.101173400878906,78.6375,-60.0125
93,-17.295917510986328,80.52916666666667,-89.99583333333334
94,-17.273441314697266,80.62083333333334,-87.2875
95,-23.085866928100586,80.5375,-85.0125
96,-22.048538208007812,80.54583333333333,-82.59583333333333
97,-21.69235610961914,80.52916666666667,-80.0125
98,-23.96963119506836,80.5375,-77.5125
99,-25.344493865966797,80.5375,-75.0125
100,-25.090328216552734,80.5375,-72.5125
101,-23.986818313598633,80.5375,-70.0125
102,-19.275415420532227,80.50416666666666,-67.3125
103,-22.1522274017334,80.5375,-65.0125
104,-22.013357162475586,80.5375,-62.5125
105,-22.199722290039062,80.5375,-60.0125
106,-23.081464767456055,82.02083333333333,-89.02916666666667
107,-23.016639709472656,82.2125,-86.85416666666667
108,-16.733314514160156,82.4125,-84.7625
109,-23.37315559387207,82.42083333333333,-82.4375
110,-22.817684173583984,82.42916666666667,-80.0125
111,-25.205894470214844,82.42916666666667,-77.5125
112,-24.178220748901367,82.42916666666667,-75.0125
113,-24.096633911132812,82.42916666666667,-72.5125
114,-23.177736282348633,82.42916666666667,-70.0125
115,-25.696346282958984,82.42916666666667,-67.5125
116,-23.38506507873535,82.42916666666667,-65.0125
117,-23.18284034729004,82.42916666666667,-62.5125
118,-22.238431930541992,82.02916666666667,-60.00416666666666
0,-4.697516441345215,31.270833333333332,-89.99583333333334
1,-4.420450210571289,31.270833333333332,-87.5125
2,-4.096740245819092,31.270833333333332,-85.00416666666666
3,-3.6347603797912598,31.270833333333332,-82.5125
4,-4.907546520233154,33.1625,-89.99583333333334
5,-4.817420482635498,33.1625,-87.5125
6,-5.060940742492676,33.1625,-85.00416666666666
7,-4.363569259643555,33.1625,-82.5125
8,-3.8815343379974365,33.1625,-80.00416666666666
9,-4.979912281036377,35.0625,-89.99583333333334
10,-5.6350297927856445,35.0625,-87.5125
11,-5.645282745361328,35.0625,-85.00416666666666
12,-5.698329925537109,35.0625,-82.5125
13,-4.606213569641113,35.0625,-80.00416666666666
14,-4.307602405548096,35.0625,-77.50416666666666
15,-5.499669075012207,36.954166666666666,-89.99583333333334
16,-5.81782865524292,36.954166666666666,-87.5125
17,-5.902657508850098,36.954166666666666,-85.00416666666666
18,-7.61009407043457,36.954166666666666,-82.5125
19,-6.316515922546387,36.954166666666666,-80.00416666666666
20,-5.110372066497803,36.954166666666666,-77.50416666666666
21,-6.535499572753906,38.85416666666667,-89.99583333333334
22,-6.461747169494629,38.85416666666667,-87.5125
23,-6.8688883781433105,38.85416666666667,-85.00416666666666
24,-6.785614013671875,38.85416666666667,-82.5125
25,-8.051878929138184,38.85416666666667,-80.00416666666666
26,-6.230581283569336,38.85416666666667,-77.50416666666666
27,-5.70739221572876,38.80416666666667,-75.09583333333333
28,-7.507240295410156,40.74583333333334,-89.99583333333334
29,-7.5336527824401855,40.74583333333334,-87.5125
30,-7.648419380187988,40.74583333333334,-85.00416666666666
31,-8.055021286010742,40.74583333333334,-82.5125
32,-7.927826404571533,40.74583333333334,-80.00416666666666
33,-7.586993217468262,40.74583333333334,-77.50416666666666
34,-7.156312942504883,40.74583333333334,-75.0125
35,-6.716691970825195,40.82083333333333,-72.54583333333333
36,-8.584573745727539,42.6375,-89.99583333333334
37,-8.282873153686523,42.6375,-87.5125
38,-8.565619468688965,42.6375,-85.00416666666666
39,-8.33125114440918,42.6375,-82.5125
40,-8.37101936340332,42.6375,-80.00416666666666
41,-9.711286544799805,42.6375,-77.50416666666666
42,-9.382633209228516,42.6375,-75.0125
43,-8.170836448669434,42.6375,-72.5125
44,-7.651947021484375,42.6375,-70.57916666666667
45,-9.911781311035156,44.5375,-89.99583333333334
46,-9.633355140686035,44.5375,-87.5125
47,-10.268595695495605,44.5375,-85.00416666666666
48,-9.597430229187012,44.5375,-82.5125
49,-10.104729652404785,44.5375,-80.00416666666666
50,-10.108758926391602,44.5375,-77.50416666666666
51,-10.141622543334961,44.5375,-75.0125
52,-10.289426803588867,44.5375,-72.5125
53,-9.371240615844727,44.5375,-70.0125
54,-8.569438934326172,44.5125,-67.52916666666667
55,-8.636466026306152,44.5375,-65.0125
56,-8.164618492126465,44.75416666666666,-62.6625
57,-11.782410621643066,46.42916666666667,-89.99583333333334
58,-11.817092895507812,46.42916666666667,-87.5125
59,-11.699742317199707,46.42916666666667,-85.00416666666666
60,-12.100724220275879,46.42916666666667,-82.5125
61,-11.823253631591797,46.42916666666667,-80.00416666666666
62,-11.78674030303955,46.42916666666667,-77.50416666666666
63,-11.468035697937012,46.42916666666667,-75.0125
64,-10.734078407287598,46.42916666666667,-72.5125
65,-11.021134376525879,46.42916666666667,-70.0125
66,-10.335836410522461,46.42916666666667,-67.5125
67,-9.882165908813477,46.42916666666667,-65.0125
68,-9.390892028808594,46.42916666666667,-62.5125
69,-8.819531440734863,46.25416666666666,-60.079166666666666
70,-12.990307807922363,48.32083333333333,-89.99583333333334
71,-12.223000526428223,48.32083333333333,-87.5125
72,-13.018091201782227,48.32083333333333,-85.00416666666666
73,-12.921601295471191,48.32083333333333,-82.5125
74,-13.024798393249512,48.32083333333333,-80.00416666666666
75,-13.005888938903809,48.32083333333333,-77.50416666666666
76,-13.0557861328125,48.32083333333333,-75.0125
77,-12.847987174987793,48.32083333333333,-72.5125
78,-11.972783088684082,48.32083333333333,-70.0125
79,-11.923803329467773,48.32083333333333,-67.5125
80,-11.46363353729248,48.32083333333333,-65.0125
81,-14.061782836914062,50.22083333333333,-89.99583333333334
82,-13.901294708251953,50.22083333333333,-87.5125
83,-13.595711708068848,50.22083333333333,-85.00416666666666
84,-13.434951782226562,50.22083333333333,-82.5125
85,-13.797739028930664,50.22083333333333,-80.00416666666666
86,-13.889952659606934,50.22083333333333,-77.50416666666666
87,-14.150931358337402,50.22083333333333,-75.0125
88,-14.204259872436523,50.22083333333333,-72.5125
89,-13.932260513305664,50.22083333333333,-70.0125
90,-13.196683883666992,50.22083333333333,-67.5125
91,-11.720622062683105,50.270833333333336,-64.9875
92,-11.229312896728516,50.25416666666666,-62.52083333333333
93,-11.026687622070312,50.22083333333333,-60.0125
94,-15.305863380432129,52.1125,-89.99583333333334
95,-15.267791748046875,52.1125,-87.5125
96,-14.895673751831055,52.1125,-85.00416666666666
97,-14.41626262664795,52.1125,-82.5125
98,-14.084285736083984,52.00416666666666,-79.6375
99,-14.57332992553711,52.1125,-77.50416666666666
100,-15.042346954345703,52.1125,-75.0125
101,-15.720437049865723,52.1125,-72.5125
102,-15.76445198059082,52.1125,-70.0125
103,-14.948957443237305,52.1125,-67.5125
104,-14.667685508728027,52.1125,-65.0125
105,-13.655353546142578,52.1125,-62.5125
106,-12.743349075317383,52.1125,-60.0125
107,-15.94550895690918,54.0125,-89.99583333333334
108,-15.963995933532715,54.0125,-87.5125
109,-15.712809562683105,54.0125,-85.00416666666666
110,-15.318277359008789,54.0125,-82.5125
111,-13.514963150024414,53.9125,-79.90416666666667
112,-15.572118759155273,54.0125,-77.50416666666666
113,-15.678348541259766,54.0125,-75.0125
114,-16.000110626220703,54.0125,-72.5125
115,-16.07756233215332,54.0125,-70.0125
116,-16.015024185180664,54.0125,-67.5125
117,-15.254711151123047,54.0125,-65.0125
118,-14.539582252502441,54.0125,-62.5125
119,-13.28670883178711,54.0125,-60.0125
120,-16.105432510375977,55.90416666666667,-89.99583333333334
121,-16.176637649536133,55.90416666666667,-87.5125
122,-15.780434608459473,55.90416666666667,-80.00416666666666
123,-15.783641815185547,55.7625,-77.22916666666667
124,-16.13330841064453,55.90416666666667,-75.0125
125,-16.232675552368164,55.90416666666667,-72.5125
126,-16.456680297851562,55.90416666666667,-70.0125
127,-16.17198371887207,55.90416666666667,-67.5125
128,-15.846152305603027,55.90416666666667,-65.0125
129,-14.887701988220215,55.90416666666667,-62.5125
130,-12.592140197753906,55.729166666666664,-60.1125
131,-14.52282428741455,57.854166666666664,-79.67916666666667
132,-16.317359924316406,57.7875,-77.04583333333333
133,-16.620115280151367,57.795833333333334,-75.0125
134,-16.664234161376953,57.795833333333334,-72.5125
135,-16.584857940673828,57.795833333333334,-70.0125
136,-16.036970138549805,57.795833333333334,-67.5125
137,-16.633737564086914,57.795833333333334,-65.0125
138,-15.171268463134766,57.795833333333334,-62.5125
139,-15.243769645690918,59.75416666666667,-79.9875
140,-17.15061378479004,59.69583333333333,-77.50416666666666
141,-17.07056427001953,59.69583333333333,-75.0125
142,-16.918842315673828,59.69583333333333,-72.5125
143,-16.66182518005371,59.69583333333333,-70.0125
144,-16.40885353088379,59.69583333333333,-65.0125
0,-4.114518165588379,0.8541666666666679,-79.9125
1,-10.75320816040039,0.9541666666666657,-77.5125
2,-5.317356586456299,0.9541666666666657,-75.00416666666666
3,-5.444783687591553,0.9541666666666657,-72.5125
4,-5.68241548538208,0.9541666666666657,-70.0125
5,-5.415956497192383,0.9541666666666657,-67.50416666666666
6,-4.8803791999816895,0.9541666666666657,-65.0125
7,-3.9312925338745117,0.9541666666666657,-62.5125
8,-3.4147884845733643,0.9541666666666657,-60.0125
9,-4.098613739013672,2.854166666666668,-77.5125
10,-9.740120887756348,2.854166666666668,-75.00416666666666
11,-4.6608476638793945,2.854166666666668,-72.5125
12,-4.801223278045654,2.854166666666668,-70.0125
13,-4.49795389175415,2.854166666666668,-67.50416666666666
14,-4.470072269439697,2.854166666666668,-65.0125
15,-3.982250452041626,2.854166666666668,-62.5125
16,-3.086871862411499,2.854166666666668,-60.0125
17,-4.02743673324585,4.779166666666669,-77.34583333333333
18,-7.455286026000977,4.745833333333334,-75.00416666666666
19,-4.2266130447387695,4.745833333333334,-72.5125
20,-4.3095245361328125,4.745833333333334,-70.0125
21,-4.294000625610352,4.745833333333334,-67.50416666666666
22,-5.400699138641357,4.745833333333334,-65.0125
23,-4.515606880187988,4.745833333333334,-62.5125
24,-4.540168762207031,4.745833333333334,-60.0125
25,-3.879742383956909,6.654166666666669,-77.50416666666666
26,-7.85021448135376,6.637499999999999,-75.00416666666666
27,-10.168566703796387,6.637499999999999,-72.5125
28,-3.7609548568725586,6.637499999999999,-70.0125
29,-3.5343422889709473,6.637499999999999,-67.50416666666666
30,-3.5299415588378906,6.637499999999999,-65.0125
31,-4.169964790344238,6.637499999999999,-62.5125
32,-3.3552794456481934,6.637499999999999,-60.0125
33,-4.179691314697266,8.537500000000001,-82.5125
34,-4.358358383178711,8.537500000000001,-80.0125
35,-5.311768531799316,8.537500000000001,-77.5125
36,-4.042901992797852,8.537500000000001,-75.00416666666666
37,-4.449069499969482,8.537500000000001,-72.5125
38,-4.018911838531494,8.537500000000001,-70.0125
39,-3.3220036029815674,8.537500000000001,-67.50416666666666
40,-3.592677593231201,8.537500000000001,-65.0125
41,-3.514322280883789,8.537500000000001,-62.5125
42,-2.5367863178253174,8.537500000000001,-60.0125
43,-4.461794853210449,10.429166666666667,-85.0125
44,-4.5809478759765625,10.429166666666667,-75.00416666666666
45,-6.505026340484619,10.429166666666667,-72.5125
46,-5.507243633270264,10.429166666666667,-70.0125
47,-5.104382038116455,10.429166666666667,-67.50416666666666
48,-2.7842350006103516,10.162500000000001,-64.97083333333333
49,-2.885005235671997,10.545833333333334,-62.52916666666667
50,-3.0423483848571777,12.604166666666668,-87.34583333333333
51,-4.111669540405273,12.320833333333333,-85.0125
52,-1.8066927194595337,12.212499999999999,-72.17083333333333
53,-1.5740586519241333,12.1875,-69.99583333333334
54,-5.287853240966797,14.220833333333333,-89.99583333333334
55,-6.310834884643555,14.220833333333333,-87.5125
56,-3.708589553833008,14.220833333333333,-85.0125
57,-2.320751667022705,14.3625,-82.74583333333334
58,-3.0722475051879883,16.1125,-89.99583333333334
59,-2.9187123775482178,15.920833333333334,-87.6125
60,-2.312742233276367,15.979166666666666,-84.99583333333334
61,-3.555180072784424,18.0125,-89.99583333333334
62,-2.6931235790252686,18.120833333333334,-87.82916666666667
63,-3.275968551635742,18.0125,-77.5125
64,-1.9439878463745117,18.395833333333336,-75.00416666666666
65,-1.9323407411575317,18.170833333333334,-72.5625
66,-1.9171171188354492,18.2375,-70.15416666666667
67,-1.7475398778915405,17.9875,-67.2125
68,-1.780339002609253,17.7625,-64.87916666666666
69,-2.6012911796569824,19.90416666666667,-89.99583333333334
70,-2.473855495452881,19.90416666666667,-87.5125
71,-2.781636953353882,19.90416666666667,-77.5125
72,-2.1512138843536377,19.9125,-75.0125
73,-1.9346987009048462,19.854166666666664,-72.5375
74,-1.8082422018051147,19.679166666666667,-70.00416666666666
75,-2.1360726356506348,21.5625,-87.3375
76,-2.326500654220581,21.84583333333333,-84.9375
77,-2.3931829929351807,21.7375,-82.52916666666667
78,-2.3197526931762695,21.795833333333334,-80.0125
79,-2.128277540206909,21.795833333333334,-77.5125
80,-2.493849515914917,23.6875,-80.3875
81,-2.533658742904663,25.670833333333334,-80.15416666666667
82,-2.8219330310821533,27.479166666666668,-82.5125
83,-2.793365955352783,27.379166666666666,-80.25416666666666
84,-3.586911678314209,29.370833333333334,-89.99583333333334
85,-3.466252565383911,29.595833333333335,-85.02083333333333
86,-3.2566559314727783,29.379166666666666,-82.5125
0,-16.49456214904785,-29.3625,-70.0125
1,-5.275631904602051,-29.3625,-67.5125
2,-4.633604049682617,-29.3625,-65.0125
3,-4.60090446472168,-29.3625,-62.5125
4,-4.93126916885376,-29.3625,-60.0125
5,-9.88788890838623,-27.4625,-70.0125
6,-6.380579471588135,-27.4625,-67.5125
7,-4.854515075683594,-27.4625,-65.0125
8,-4.399211883544922,-27.4625,-62.5125
9,-4.688135623931885,-27.4625,-60.0125
10,-6.516444206237793,-25.570833333333333,-70.0125
11,-15.334754943847656,-25.570833333333333,-67.5125
12,-6.098701000213623,-25.570833333333333,-65.0125
13,-4.545770168304443,-25.570833333333333,-62.5125
14,-4.491885662078857,-25.570833333333333,-60.0125
15,-6.584839820861816,-23.679166666666667,-70.0125
16,-18.040103912353516,-23.679166666666667,-67.5125
17,-6.737123012542725,-23.679166666666667,-65.0125
18,-4.5373334884643555,-23.679166666666667,-62.5125
19,-4.3925604820251465,-23.679166666666667,-60.0125
20,-7.432535648345947,-21.779166666666665,-70.0125
21,-17.049142837524414,-21.779166666666665,-67.5125
22,-11.050536155700684,-21.779166666666665,-65.0125
23,-4.221719264984131,-21.779166666666665,-62.5125
24,-3.912081241607666,-21.779166666666665,-60.0125
25,-7.0732502937316895,-19.8875,-70.0125
26,-14.936363220214844,-19.8875,-67.5125
27,-7.644385814666748,-19.8875,-65.0125
28,-4.013139247894287,-19.8875,-62.5125
29,-3.6453561782836914,-19.8875,-60.0125
30,-8.487144470214844,-17.9875,-70.0125
31,-14.576141357421875,-17.9875,-67.5125
32,-6.248715877532959,-17.9875,-65.0125
33,-3.922616958618164,-17.9875,-62.5125
34,-4.866322040557861,-17.9875,-60.0125
35,-6.888158798217773,-16.09583333333333,-72.5125
36,-15.374360084533691,-16.09583333333333,-70.0125
37,-8.586150169372559,-16.09583333333333,-67.5125
38,-4.61488151550293,-16.09583333333333,-65.0125
39,-5.108229637145996,-16.09583333333333,-62.5125
40,-5.61602258682251,-16.09583333333333,-60.0125
41,-11.26962661743164,-14.204166666666666,-75.0125
42,-16.8504638671875,-14.204166666666666,-72.5125
43,-15.144804954528809,-14.204166666666666,-70.0125
44,-6.4690423011779785,-14.204166666666666,-67.5125
45,-4.35929012298584,-14.204166666666666,-65.0125
46,-5.5410895347595215,-14.204166666666666,-62.5125
47,-5.693076133728027,-14.204166666666666,-60.0125
48,-5.701481342315674,-12.070833333333333,-77.24583333333334
49,-15.530241966247559,-12.304166666666667,-75.0125
50,-9.071220397949219,-12.304166666666667,-72.5125
51,-5.753244400024414,-12.304166666666667,-70.0125
52,-5.207763671875,-12.304166666666667,-67.5125
53,-5.459926605224609,-12.304166666666667,-65.0125
54,-5.916934490203857,-12.304166666666667,-62.5125
55,-6.298750400543213,-12.304166666666667,-60.0125
56,-9.761092185974121,-10.4125,-77.5125
57,-7.994591236114502,-10.4125,-75.0125
58,-7.490965843200684,-10.4125,-72.5125
59,-5.788323879241943,-10.4125,-70.0125
60,-6.076634883880615,-10.4125,-67.5125
61,-6.564843654632568,-10.4125,-65.0125
62,-6.1728291511535645,-10.4125,-62.5125
63,-6.048027515411377,-10.4125,-60.0125
64,-14.14234447479248,-8.520833333333334,-77.5125
65,-5.610058784484863,-8.520833333333334,-75.0125
66,-5.951791286468506,-8.520833333333334,-72.5125
67,-6.118721961975098,-8.520833333333334,-70.0125
68,-6.82218599319458,-8.520833333333334,-67.5125
69,-6.361201286315918,-8.520833333333334,-65.0125
70,-6.035669803619385,-8.520833333333334,-62.5125
71,-5.904993057250977,-8.520833333333334,-60.0125
72,-4.174170970916748,-6.620833333333334,-80.0125
73,-9.0548095703125,-6.620833333333334,-77.5125
74,-5.786083221435547,-6.620833333333334,-75.0125
75,-5.8182172775268555,-6.620833333333334,-72.5125
76,-6.096574306488037,-6.620833333333334,-70.0125
77,-6.044872283935547,-6.620833333333334,-67.5125
78,-5.556084632873535,-6.620833333333334,-65.0125
79,-5.986942768096924,-6.620833333333334,-62.5125
80,-5.946826457977295,-6.620833333333334,-60.0125
81,-5.857448101043701,-4.729166666666667,-80.0125
82,-5.460299015045166,-4.729166666666667,-77.5125
83,-5.603899002075195,-4.729166666666667,-75.0125
84,-5.94773530960083,-4.729166666666667,-72.5125
85,-6.060260772705078,-4.729166666666667,-70.0125
86,-5.971205234527588,-4.729166666666667,-67.5125
87,-5.786104202270508,-4.729166666666667,-65.0125
88,-5.461371421813965,-4.729166666666667,-62.5125
89,-5.185755729675293,-4.729166666666667,-60.0125
90,-3.684879779815674,-2.8291666666666666,-80.0125
91,-5.737339496612549,-2.8375,-77.5125
92,-5.869722843170166,-2.8375,-75.0125
93,-6.116036415100098,-2.8375,-72.5125
94,-6.102768421173096,-2.8375,-70.0125
95,-5.853594779968262,-2.8375,-67.5125
96,-5.706472873687744,-2.8375,-65.0125
97,-5.483041763305664,-2.8375,-62.5125
98,-4.997461795806885,-2.8375,-60.0125
99,-1.2090452909469604,-0.9208333333333333,-89.62083333333334
100,-4.087749481201172,-0.9375,-80.0125
101,-5.6428985595703125,-0.9375,-77.5125
102,-5.615692138671875,-0.9375,-75.0125
103,-6.006791591644287,-0.9375,-72.5125
104,-6.101361274719238,-0.9375,-70.0125
105,-5.790396213531494,-0.9375,-67.5125
106,-5.214496612548828,-0.9375,-65.0125
107,-4.743441581726074,-0.9375,-62.5125
108,-4.825652599334717,-0.9375,-60.0125
0,-7.7496137619018555,-55.8375,-69.34583333333333
1,-8.308008193969727,-55.8875,-67.55416666666667
2,-7.863675117492676,-53.9875,-72.50416666666666
3,-8.274190902709961,-53.9875,-70.0125
4,-8.131805419921875,-53.9875,-67.5125
5,-7.251376628875732,-52.09583333333333,-75.00416666666666
6,-8.546111106872559,-52.09583333333333,-72.50416666666666
7,-8.349774360656738,-52.09583333333333,-70.0125
8,-8.329777717590332,-52.00416666666666,-60.00416666666666
9,-7.785764217376709,-50.204166666666666,-75.0125
10,-8.870985984802246,-50.204166666666666,-72.50416666666666
11,-7.860874652862549,-50.204166666666666,-70.0125
12,-7.515137195587158,-49.97916666666667,-67.87916666666666
13,-8.990762710571289,-48.30416666666667,-75.0125
14,-9.584188461303711,-48.30416666666667,-72.50416666666666
15,-8.823221206665039,-48.30416666666667,-70.0125
16,-7.407412528991699,-48.30416666666667,-67.5125
17,-8.404280662536621,-46.4125,-75.0125
18,-12.441554069519043,-46.4125,-72.50416666666666
19,-8.259757041931152,-46.4125,-70.0125
20,-6.394918441772461,-46.42916666666667,-67.52083333333333
21,-9.0293607711792,-44.520833333333336,-72.50416666666666
22,-8.321287155151367,-44.520833333333336,-70.0125
23,-6.660407066345215,-44.520833333333336,-67.5125
24,-6.52927303314209,-44.5125,-65.27916666666667
25,-6.631102561950684,-42.62083333333334,-72.50416666666666
26,-7.976274490356445,-42.62083333333334,-70.0125
27,-8.211820602416992,-42.62083333333334,-67.5125
28,-5.862929821014404,-42.62083333333334,-65.0125
29,-6.891942501068115,-40.729166666666664,-72.50416666666666
30,-8.619820594787598,-40.729166666666664,-70.0125
31,-7.107081413269043,-40.729166666666664,-67.5125
32,-5.194525718688965,-40.729166666666664,-65.0125
33,-5.318336486816406,-40.729166666666664,-62.5125
34,-6.902521133422852,-38.8375,-72.50416666666666
35,-8.315777778625488,-38.8375,-70.0125
36,-6.090063095092773,-38.8375,-67.5125
37,-5.678611755371094,-38.8375,-65.0125
38,-4.96632719039917,-38.8375,-62.5125
39,-5.354393482208252,-38.8375,-60.0125
40,-6.825774669647217,-36.9375,-72.50416666666666
41,-10.956862449645996,-36.9375,-70.0125
42,-6.373673439025879,-36.9375,-67.5125
43,-6.182405471801758,-36.9375,-65.0125
44,-5.765995025634766,-36.9375,-62.5125
45,-5.920935153961182,-36.9375,-60.0125
46,-6.764096736907959,-35.204166666666666,-72.3625
47,-15.010034561157227,-35.045833333333334,-70.0125
48,-6.245724201202393,-35.045833333333334,-67.5125
49,-5.8085832595825195,-35.045833333333334,-65.0125
50,-5.753856658935547,-35.045833333333334,-62.5125
51,-5.569092750549316,-35.045833333333334,-60.0125
52,-16.825510025024414,-33.145833333333336,-70.0125
53,-5.533466339111328,-33.145833333333336,-67.5125
54,-6.25662899017334,-33.145833333333336,-65.0125
55,-5.685044288635254,-33.145833333333336,-62.5125
56,-5.63119649887085,-33.145833333333336,-60.0125
57,-17.176776885986328,-31.254166666666666,-70.0125
58,-5.663013458251953,-31.254166666666666,-67.5125
59,-6.223620414733887,-31.254166666666666,-65.0125
60,-5.1941423416137695,-31.254166666666666,-62.5125
61,-5.163225173950195,-31.254166666666666,-60.0125
0,-14.706912994384766,61.7625,-49.604166666666664
1,-17.49934196472168,61.587500000000006,-47.5125
2,-17.36751937866211,61.587500000000006,-45.0125
3,-13.775930404663086,61.587500000000006,-42.5125
4,-17.20703887939453,63.47916666666667,-50.0125
5,-19.652179718017578,63.47916666666667,-47.5125
6,-20.650012969970703,63.47916666666667,-45.0125
7,-17.603656768798828,63.47916666666667,-42.5125
8,-13.709351539611816,63.64583333333333,-40.5375
9,-16.433406829833984,65.3875,-52.4875
10,-18.143653869628906,65.37916666666666,-50.0125
11,-19.00384521484375,65.37916666666666,-47.5125
12,-20.690963745117188,65.37916666666666,-45.0125
13,-19.40268898010254,65.37916666666666,-42.5125
14,-15.77283763885498,65.37916666666666,-40.0125
15,-14.03604793548584,65.52083333333333,-37.170833333333334
16,-17.152851104736328,67.22083333333333,-53.90416666666667
17,-18.178306579589844,67.27083333333333,-52.5125
18,-17.355222702026367,67.27083333333333,-50.0125
19,-18.546283721923828,67.27083333333333,-47.5125
20,-20.215065002441406,67.27083333333333,-45.0125
21,-21.281261444091797,67.27083333333333,-42.5125
22,-20.649829864501953,67.27083333333333,-40.0125
23,-20.70706558227539,67.27083333333333,-37.5125
24,-19.18418312072754,67.27083333333333,-35.0125
25,-14.17406177520752,67.2625,-32.97083333333333
26,-17.555282592773438,69.35416666666667,-54.1875
27,-17.07740020751953,69.37083333333334,-52.77916666666667
28,-16.807422637939453,69.1625,-50.0125
29,-18.845495223999023,69.1625,-47.5125
30,-20.705644607543945,69.1625,-45.0125
31,-22.032014846801758,69.1625,-42.5125
32,-22.56838035583496,69.1625,-40.0125
33,-22.280710220336914,69.1625,-37.5125
34,-20.366491317749023,69.1625,-35.0125
35,-18.60401153564453,69.1625,-32.5125
36,-19.04615020751953,69.1625,-30.0125
37,-16.263450622558594,71.3625,-54.829166666666666
38,-16.069364547729492,70.99583333333334,-52.2625
39,-18.834362030029297,71.0625,-50.0125
40,-20.714786529541016,71.0625,-47.5125
41,-22.106122970581055,71.0625,-45.0125
42,-23.162139892578125,71.0625,-42.5125
43,-23.646394729614258,71.0625,-40.0125
44,-23.025896072387695,71.0625,-37.5125
45,-21.96506690979004,71.0625,-35.0125
46,-20.98806381225586,71.0625,-32.5125
47,-18.82862663269043,71.0625,-30.0125
48,-15.678462982177734,72.9375,-54.954166666666666
49,-18.04328727722168,72.95416666666667,-52.5125
50,-20.092483520507812,72.95416666666667,-50.0125
51,-21.945690155029297,72.95416666666667,-47.5125
52,-23.75702667236328,72.95416666666667,-45.0125
53,-24.95595932006836,72.95416666666667,-42.5125
54,-25.355823516845703,72.95416666666667,-40.0125
55,-24.719358444213867,72.95416666666667,-37.5125
56,-23.146766662597656,72.95416666666667,-35.0125
57,-21.834197998046875,72.95416666666667,-32.5125
58,-20.397968292236328,72.95416666666667,-30.0125
59,-15.13649845123291,74.84583333333333,-57.50416666666667
60,-16.829486846923828,74.85416666666667,-55.0125
61,-19.000150680541992,74.85416666666667,-52.5125
62,-20.471851348876953,74.85416666666667,-50.0125
63,-22.855825424194336,74.85416666666667,-47.5125
64,-24.79717445373535,74.85416666666667,-45.0125
65,-25.735660552978516,74.85416666666667,-42.5125
66,-25.543066024780273,74.85416666666667,-40.0125
67,-24.46770668029785,74.85416666666667,-37.5125
68,-23.015798568725586,74.85416666666667,-35.0125
69,-21.82461166381836,74.85416666666667,-32.5125
70,-20.713586807250977,74.85416666666667,-30.0125
71,-19.24049186706543,76.74583333333334,-59.99583333333333
72,-18.80555534362793,76.74583333333334,-57.50416666666667
73,-19.460254669189453,76.74583333333334,-55.0125
74,-20.599592208862305,76.74583333333334,-52.5125
75,-21.800880432128906,76.74583333333334,-50.0125
76,-23.239185333251953,76.74583333333334,-47.5125
77,-24.238685607910156,76.74583333333334,-45.0125
78,-24.670291900634766,76.74583333333334,-42.5125
79,-24.33309555053711,76.74583333333334,-40.0125
80,-23.406082153320312,76.74583333333334,-37.5125
81,-22.150224685668945,76.74583333333334,-35.0125
82,-21.36038589477539,76.74583333333334,-32.5125
83,-20.649078369140625,76.74583333333334,-30.0125
84,-21.10605239868164,78.6375,-59.99583333333333
85,-21.580535888671875,78.6375,-57.50416666666667
86,-21.628747940063477,78.6375,-55.0125
87,-21.853313446044922,78.6375,-52.5125
88,-22.023488998413086,78.6375,-50.0125
89,-22.534456253051758,78.6375,-47.5125
90,-22.91741180419922,78.6375,-45.0125
91,-23.102893829345703,78.6375,-42.5125
92,-22.814632415771484,78.6375,-40.0125
93,-22.315250396728516,78.6375,-37.5125
94,-21.54922866821289,78.6375,-35.0125
95,-21.261173248291016,78.6375,-32.5125
96,-20.685550689697266,78.6375,-30.0125
97,-22.20200538635254,80.5375,-59.99583333333333
98,-22.6167049407959,80.5375,-57.50416666666667
99,-22.47937774658203,80.5375,-55.0125
100,-22.171632766723633,80.5375,-52.5125
101,-21.85454559326172,80.5375,-50.0125
102,-21.347299575805664,80.5375,-47.5125
103,-21.365354537963867,80.5375,-45.0125
104,-21.733125686645508,80.5375,-42.5125
105,-21.844562530517578,80.5375,-40.0125
106,-21.268306732177734,80.5375,-37.5125
107,-20.402711868286133,80.5375,-35.0125
108,-20.019899368286133,80.5375,-32.5125
109,-19.960163116455078,80.5375,-30.0125
110,-16.479656219482422,82.12083333333334,-59.02916666666667
111,-16.346895217895508,82.24583333333334,-56.74583333333334
112,-16.255207061767578,82.3375,-55.2125
113,-21.42234230041504,82.39583333333333,-51.80416666666667
114,-21.14765167236328,82.4125,-50.104166666666664
115,-20.31770133972168,82.42916666666667,-47.5125
116,-20.10808563232422,82.42916666666667,-45.0125
117,-19.590072631835938,82.42916666666667,-42.5125
118,-19.17595672607422,82.42916666666667,-40.0125
119,-19.81954002380371,82.42916666666667,-37.5125
120,-19.900243759155273,82.42916666666667,-35.0125
121,-19.962554931640625,82.42916666666667,-32.5125
122,-20.18501091003418,82.42916666666667,-30.0125
0,-7.243558406829834,43.92916666666667,-59.99583333333333
1,-8.780840873718262,46.22083333333333,-59.979166666666664
2,-10.201696395874023,48.32083333333333,-57.50416666666667
3,-9.526803970336914,48.32083333333333,-55.0125
4,-8.786246299743652,48.15416666666667,-52.795833333333334
5,-11.018708229064941,50.22083333333333,-59.9875
6,-10.638020515441895,50.22083333333333,-57.50416666666667
7,-10.054361343383789,49.99583333333334,-55.3625
8,-12.805418014526367,52.1125,-59.99583333333333
9,-12.002925872802734,52.1125,-57.50416666666667
10,-10.779459953308105,52.00416666666666,-55.27916666666667
11,-13.264422416687012,54.0125,-59.99583333333333
12,-12.110417366027832,54.0125,-57.50416666666667
13,-12.559359550476074,55.84583333333333,-59.9625
14,-11.479153633117676,59.854166666666664,-44.94583333333333
15,-11.018290519714355,59.920833333333334,-43.17916666666667
0,-3.461665391921997,0.9541666666666657,-59.99583333333333
1,-3.7280116081237793,0.9541666666666657,-57.50416666666667
2,-3.8865532875061035,0.9541666666666657,-55.0125
3,-3.549459218978882,0.9541666666666657,-52.5125
4,-2.2301790714263916,0.9541666666666657,-50.0125
5,-3.046182632446289,2.854166666666668,-59.99583333333333
6,-3.2782630920410156,2.854166666666668,-57.50416666666667
7,-3.459993839263916,2.854166666666668,-55.0125
8,-3.047157049179077,2.854166666666668,-52.5125
9,-4.295364856719971,4.745833333333334,-59.99583333333333
10,-3.057349443435669,4.745833333333334,-57.50416666666667
11,-3.031144857406616,4.745833333333334,-55.0125
12,-2.494967460632324,4.745833333333334,-52.5125
13,-3.4608521461486816,6.637499999999999,-59.99583333333333
14,-2.3808228969573975,6.470833333333335,-57.65416666666667
15,-2.574146032333374,8.529166666666669,-59.99583333333333
0,-4.930574417114258,-29.3625,-59.99583333333333
1,-4.813714504241943,-29.3625,-57.50416666666667
2,-5.395500659942627,-29.3625,-55.0125
3,-6.139451503753662,-29.3625,-52.5125
4,-6.411949634552002,-29.3625,-50.0125
5,-4.68197774887085,-27.4625,-59.99583333333333
6,-4.804225921630859,-27.4625,-57.50416666666667
7,-5.523898124694824,-27.4625,-55.0125
8,-6.424989223480225,-27.4625,-52.5125
9,-7.001312732696533,-27.4625,-50.0125
10,-4.4988603591918945,-25.570833333333333,-59.99583333333333
11,-4.842541217803955,-25.570833333333333,-57.50416666666667
12,-5.335704803466797,-25.570833333333333,-55.0125
13,-6.357576847076416,-25.570833333333333,-52.5125
14,-6.988980770111084,-25.570833333333333,-50.0125
15,-4.387950897216797,-23.679166666666667,-59.99583333333333
16,-4.649508953094482,-23.679166666666667,-57.50416666666667
17,-5.601217269897461,-23.679166666666667,-55.0125
18,-5.756814002990723,-23.679166666666667,-52.5125
19,-6.091437816619873,-23.679166666666667,-50.0125
20,-6.378406047821045,-23.679166666666667,-47.5125
21,-2.6708531379699707,-23.7375,-45.020833333333336
22,-3.912597179412842,-21.779166666666665,-59.99583333333333
23,-4.731479644775391,-21.779166666666665,-57.50416666666667
24,-5.443547248840332,-21.779166666666665,-55.0125
25,-5.301725387573242,-21.779166666666665,-52.5125
26,-5.7355241775512695,-21.779166666666665,-50.0125
27,-5.962040424346924,-21.779166666666665,-47.5125
28,-6.84651517868042,-21.779166666666665,-45.00416666666666
29,-3.432330369949341,-21.779166666666665,-42.5125
30,-3.642510414123535,-19.8875,-59.99583333333333
31,-4.444851875305176,-19.8875,-57.50416666666667
32,-5.587420463562012,-19.8875,-55.0125
33,-5.640854358673096,-19.8875,-52.5125
34,-5.441946029663086,-19.8875,-50.0125
35,-6.346433639526367,-19.8875,-47.5125
36,-5.586892604827881,-19.8875,-45.00416666666666
37,-4.6593146324157715,-19.8875,-42.5125
38,-3.0775442123413086,-19.8625,-40.07083333333333
39,-4.806337356567383,-17.9875,-59.99583333333333
40,-4.83192253112793,-17.9875,-57.50416666666667
41,-5.269920825958252,-17.9875,-55.0125
42,-6.330995082855225,-17.9875,-52.5125
43,-5.681145668029785,-17.9875,-50.0125
44,-5.907494068145752,-17.9875,-47.5125
45,-4.907711505889893,-17.9875,-45.00416666666666
46,-4.87621545791626,-17.9875,-42.5125
47,-2.8806989192962646,-17.9875,-40.0125
48,-5.632288455963135,-16.09583333333333,-59.99583333333333
49,-5.562139987945557,-16.09583333333333,-57.50416666666667
50,-5.463527202606201,-16.09583333333333,-55.0125
51,-5.138727188110352,-16.09583333333333,-52.5125
52,-5.959117412567139,-16.09583333333333,-50.0125
53,-5.860835075378418,-16.09583333333333,-47.5125
54,-3.9304280281066895,-16.09583333333333,-45.00416666666666
55,-4.807459831237793,-16.09583333333333,-42.5125
56,-3.0611045360565186,-16.09583333333333,-40.0125
57,-5.712686538696289,-14.204166666666666,-59.99583333333333
58,-6.127086162567139,-14.204166666666666,-57.50416666666667
59,-5.798575401306152,-14.204166666666666,-55.0125
60,-4.794988632202148,-14.204166666666666,-52.5125
61,-4.5559797286987305,-14.204166666666666,-50.0125
62,-5.910637855529785,-14.204166666666666,-47.5125
63,-3.8842287063598633,-14.204166666666666,-45.00416666666666
64,-4.570706367492676,-14.204166666666666,-42.5125
65,-3.254054069519043,-14.204166666666666,-40.0125
66,-6.22585391998291,-12.304166666666667,-59.99583333333333
67,-5.513016700744629,-12.304166666666667,-57.50416666666667
68,-5.581876277923584,-12.304166666666667,-55.0125
69,-4.872037410736084,-12.304166666666667,-52.5125
70,-3.8341197967529297,-12.304166666666667,-50.0125
71,-3.3802783489227295,-12.304166666666667,-47.5125
72,-3.0424656867980957,-12.304166666666667,-45.00416666666666
73,-2.644461154937744,-12.304166666666667,-42.5125
74,-2.5853774547576904,-12.304166666666667,-40.0125
75,-1.6622339487075806,-12.170833333333333,-37.72916666666667
76,-6.167829513549805,-10.4125,-59.99583333333333
77,-5.776252746582031,-10.4125,-57.50416666666667
78,-5.2759599685668945,-10.4125,-55.0125
79,-5.006585121154785,-10.4125,-52.5125
80,-3.79811429977417,-10.4125,-50.0125
81,-3.2799224853515625,-10.4125,-47.5125
82,-2.52194881439209,-10.4125,-45.00416666666666
83,-1.9437006711959839,-10.4125,-42.5125
84,-2.288707733154297,-10.4125,-40.0125
85,-1.9147417545318604,-10.4125,-37.5125
86,-5.9549407958984375,-8.520833333333334,-59.99583333333333
87,-5.5771918296813965,-8.520833333333334,-57.50416666666667
88,-5.525971412658691,-8.520833333333334,-55.0125
89,-5.0019989013671875,-8.520833333333334,-52.5125
90,-4.148875713348389,-8.520833333333334,-50.0125
91,-3.3744399547576904,-8.520833333333334,-47.5125
92,-2.6473541259765625,-8.520833333333334,-45.00416666666666
93,-2.0498452186584473,-8.520833333333334,-42.5125
94,-2.0901196002960205,-8.520833333333334,-40.0125
95,-2.148144245147705,-8.520833333333334,-37.5125
96,-1.2536686658859253,-8.520833333333334,-35.0125
97,-5.983956336975098,-6.620833333333334,-59.99583333333333
98,-5.832728385925293,-6.620833333333334,-57.50416666666667
99,-5.613997459411621,-6.620833333333334,-55.0125
100,-5.650801181793213,-6.620833333333334,-52.5125
101,-4.879271507263184,-6.620833333333334,-50.0125
102,-3.5644257068634033,-6.620833333333334,-47.5125
103,-3.3137974739074707,-6.620833333333334,-45.00416666666666
104,-1.6100596189498901,-6.620833333333334,-42.5125
105,-1.8675155639648438,-6.620833333333334,-40.0125
106,-1.3314975500106812,-6.620833333333334,-37.5125
107,-1.3083802461624146,-6.620833333333334,-35.0125
108,-5.185121536254883,-4.729166666666667,-59.99583333333333
109,-4.934799671173096,-4.729166666666667,-57.50416666666667
110,-5.29944372177124,-4.729166666666667,-55.0125
111,-4.9291534423828125,-4.729166666666667,-52.5125
112,-4.657834053039551,-4.729166666666667,-50.0125
113,-4.484991073608398,-4.729166666666667,-47.5125
114,-2.935426712036133,-4.729166666666667,-45.00416666666666
115,-1.8564658164978027,-4.729166666666667,-42.5125
116,-2.463360071182251,-4.729166666666667,-40.0125
117,-1.1220859289169312,-4.729166666666667,-37.5125
118,-5.037432670593262,-2.8375,-59.99583333333333
119,-4.217405319213867,-2.8375,-57.50416666666667
120,-4.0761003494262695,-2.8375,-55.0125
121,-4.079418659210205,-2.8375,-52.5125
122,-3.4926252365112305,-2.8375,-50.0125
123,-3.669019937515259,-2.8375,-47.5125
124,-2.265219211578369,-2.8375,-45.00416666666666
125,-1.369153380393982,-2.8375,-42.5125
126,-1.2723692655563354,-2.845833333333333,-40.0125
127,-4.731927394866943,-0.9375,-59.99583333333333
128,-4.220577716827393,-0.9375,-57.50416666666667
129,-4.214439392089844,-0.9375,-55.0125
130,-3.2990639209747314,-0.9375,-52.5125
131,-3.033776044845581,-0.9375,-50.0125
132,-2.111708879470825,-0.9375,-47.5125
133,-1.4330865144729614,-1.2708333333333333,-44.979166666666664
0,-8.22348403930664,-52.12916666666666,-59.87916666666667
1,-8.513105392456055,-51.7375,-57.84583333333333
2,-5.347562313079834,-38.8375,-59.99583333333333
3,-5.9084649085998535,-36.9375,-59.99583333333333
4,-5.275805950164795,-36.9375,-57.50416666666667
5,-5.566748142242432,-35.045833333333334,-59.99583333333333
6,-5.131043434143066,-35.045833333333334,-57.50416666666667
7,-4.233426094055176,-34.9625,-54.94583333333333
8,-5.626699447631836,-33.145833333333336,-59.99583333333333
9,-5.083049297332764,-33.145833333333336,-57.50416666666667
10,-4.796355247497559,-33.145833333333336,-55.0125
11,-3.8967697620391846,-33.09583333333333,-52.62083333333334
12,-5.201526641845703,-31.254166666666666,-59.99583333333333
13,-5.141685485839844,-31.254166666666666,-57.50416666666667
14,-4.922909736633301,-31.254166666666666,-55.0125
15,-4.900299072265625,-31.254166666666666,-52.5125
0,-9.866968154907227,63.8125,-22.5375
1,-9.872532844543457,63.5375,-19.995833333333334
2,-9.780200004577637,63.55416666666667,-17.9125
3,-11.212287902832031,65.50416666666666,-24.520833333333332
4,-10.98674488067627,65.4125,-22.604166666666668
5,-12.187969207763672,65.37916666666666,-20.0125
6,-12.249585151672363,65.37916666666666,-17.5125
7,-11.625107765197754,65.37916666666666,-15.012500000000001
8,-19.070158004760742,69.1625,-29.995833333333334
9,-19.793561935424805,69.1625,-27.5125
10,-14.418583869934082,69.15416666666667,-25.02916666666667
11,-18.820472717285156,71.0625,-29.995833333333334
12,-17.19329833984375,71.0625,-27.5125
13,-14.781445503234863,71.02083333333333,-25.3125
14,-15.526461601257324,71.0625,-22.504166666666666
15,-20.396326065063477,72.95416666666667,-29.995833333333334
16,-16.95433235168457,72.95416666666667,-27.5125
17,-15.097644805908203,72.94583333333333,-24.954166666666666
18,-16.04167938232422,72.95416666666667,-22.504166666666666
19,-20.70418930053711,74.85416666666667,-29.995833333333334
20,-19.72738265991211,74.85416666666667,-27.5125
21,-19.6599063873291,74.85416666666667,-25.0125
22,-17.96845245361328,74.85416666666667,-22.504166666666666
23,-16.693328857421875,74.85416666666667,-20.0125
24,-15.376703262329102,74.90416666666667,-17.604166666666664
25,-20.64715576171875,76.74583333333334,-29.995833333333334
26,-20.364652633666992,76.74583333333334,-27.5125
27,-18.293495178222656,76.74583333333334,-25.0125
28,-16.12156867980957,76.7375,-22.229166666666668
29,-16.536415100097656,76.72083333333333,-19.90416666666667
30,-20.680662155151367,78.6375,-29.995833333333334
31,-20.277563095092773,78.6375,-27.5125
32,-20.44761848449707,78.6375,-25.0125
33,-19.091432571411133,78.65416666666667,-22.504166666666666
34,-17.965761184692383,78.69583333333333,-19.59583333333333
35,-14.495479583740234,78.72916666666667,-18.145833333333336
36,-19.962421417236328,80.5375,-29.995833333333334
37,-19.570798873901367,80.5375,-27.5125
38,-18.64664077758789,80.5375,-25.0125
39,-20.30448341369629,80.5375,-22.504166666666666
40,-18.48550033569336,80.52083333333333,-20.004166666666666
41,-18.61432647705078,80.4875,-17.495833333333334
42,-14.608077049255371,80.62083333333334,-15.454166666666667
43,-20.19268035888672,82.42916666666667,-29.995833333333334
44,-20.599332809448242,82.42916666666667,-27.5125
45,-19.489837646484375,82.42916666666667,-25.0125
46,-14.462453842163086,82.42916666666667,-22.504166666666666
47,-14.514446258544922,82.47916666666667,-20.445833333333333
48,-14.637337684631348,83.59583333333333,-29.995833333333334
0,-5.028477668762207,31.270833333333332,-0.01249999999999929
1,-3.3892531394958496,31.254166666666666,-9.8125
2,-7.426534652709961,31.270833333333332,-7.504166666666666
3,-6.109102249145508,31.270833333333332,-5.012499999999999
4,-4.953644275665283,31.270833333333332,-2.5124999999999993
5,-6.681126117706299,33.1625,-0.01249999999999929
6,-4.314650058746338,33.1625,-7.504166666666666
7,-8.416706085205078,33.1625,-5.012499999999999
8,-6.785731792449951,33.1625,-2.5124999999999993
9,-5.538134574890137,35.0625,-0.01249999999999929
10,-6.3550639152526855,35.0625,-5.012499999999999
11,-4.9527363777160645,35.0625,-2.5124999999999993
12,-4.418751239776611,37.09583333333333,-7.645833333333332
13,-6.1529998779296875,36.954166666666666,-5.012499999999999
14,-5.154640197753906,36.954166666666666,-2.5124999999999993
15,-5.143526554107666,38.85416666666667,-0.01249999999999929
16,-4.703667163848877,38.7875,-9.495833333333334
17,-5.545137882232666,38.85416666666667,-7.504166666666666
18,-5.760488033294678,38.85416666666667,-5.012499999999999
19,-7.182943820953369,38.85416666666667,-2.5124999999999993
20,-7.385214805603027,40.74583333333334,-0.01249999999999929
21,-6.609161853790283,40.74583333333334,-7.504166666666666
22,-8.14929485321045,40.74583333333334,-5.012499999999999
23,-7.7936224937438965,40.74583333333334,-2.5124999999999993
24,-9.821954727172852,42.6375,-0.01249999999999929
25,-6.473419189453125,42.6375,-7.504166666666666
26,-7.817985534667969,42.6375,-5.012499999999999
27,-7.6821818351745605,42.6375,-2.5124999999999993
28,-6.623371601104736,44.5375,-0.01249999999999929
29,-7.4292426109313965,46.42916666666667,-0.01249999999999929
30,-6.332892417907715,46.69583333333333,-2.3625000000000007
31,-7.67069673538208,48.32083333333333,-0.01249999999999929
32,-6.1857757568359375,48.37083333333334,-4.9375
33,-6.989283561706543,48.32083333333333,-2.5124999999999993
34,-6.588490009307861,50.22083333333333,-5.012499999999999
35,-6.851740837097168,50.520833333333336,-2.4541666666666657
36,-7.387813091278076,52.1125,-0.01249999999999929
37,-6.792346954345703,52.0875,-9.962499999999999
38,-7.021597862243652,52.1125,-7.504166666666666
39,-7.130265712738037,52.020833333333336,-4.995833333333334
40,-7.454535007476807,52.1125,-2.5124999999999993
41,-7.1172261238098145,53.97083333333333,-0.19583333333333286
42,-6.842628479003906,54.0125,-10.0125
43,-7.228580474853516,54.0125,-7.504166666666666
44,-7.432741641998291,54.05416666666667,-4.829166666666666
45,-8.425467491149902,54.0125,-2.5124999999999993
46,-8.082676887512207,55.90416666666667,-5.012499999999999
47,-8.197253227233887,55.90416666666667,-2.5124999999999993
48,-8.89011287689209,57.795833333333334,-5.012499999999999
49,-7.3903937339782715,57.67916666666667,-2.570833333333333
0,-2.3409407138824463,4.745833333333334,-7.512499999999999
1,-2.193162441253662,5.137499999999999,-4.995833333333334
2,-2.1444644927978516,4.962499999999999,-2.470833333333335
3,-3.1974918842315674,6.637499999999999,-0.01249999999999929
4,-3.5423662662506104,6.637499999999999,-10.004166666666666
5,-3.743558168411255,6.637499999999999,-7.512499999999999
6,-3.1339035034179688,6.637499999999999,-5.012499999999999
7,-3.398988723754883,6.637499999999999,-2.5124999999999993
8,-3.847916841506958,8.537500000000001,-0.01249999999999929
9,-2.923537254333496,8.537500000000001,-12.5125
10,-4.337762355804443,8.537500000000001,-10.004166666666666
11,-4.32716703414917,8.537500000000001,-7.512499999999999
12,-3.7054319381713867,8.537500000000001,-5.012499999999999
13,-3.620100259780884,8.537500000000001,-2.5124999999999993
14,-3.593524694442749,10.429166666666667,-0.01249999999999929
15,-1.904356837272644,10.504166666666666,-14.6625
16,-4.714779376983643,10.429166666666667,-12.5125
17,-4.465778350830078,10.429166666666667,-10.004166666666666
18,-4.078540325164795,10.429166666666667,-7.512499999999999
19,-3.8149139881134033,10.429166666666667,-5.012499999999999
20,-3.8680973052978516,10.429166666666667,-2.5124999999999993
21,-3.6229119300842285,12.320833333333333,-0.01249999999999929
22,-2.9937541484832764,12.320833333333333,-15.004166666666666
23,-4.0640869140625,12.320833333333333,-12.5125
24,-3.819572925567627,12.320833333333333,-10.004166666666666
25,-3.7921764850616455,12.320833333333333,-7.512499999999999
26,-3.722982406616211,12.320833333333333,-5.012499999999999
27,-3.680264711380005,12.320833333333333,-2.5124999999999993
28,-3.2035770416259766,14.220833333333333,-0.01249999999999929
29,-2.5441951751708984,14.654166666666667,-17.47083333333333
30,-3.1189067363739014,14.220833333333333,-15.004166666666666
31,-3.320146322250366,14.220833333333333,-12.5125
32,-3.4883739948272705,14.220833333333333,-10.004166666666666
33,-3.79447340965271,14.220833333333333,-7.512499999999999
34,-3.488999843597412,14.220833333333333,-5.012499999999999
35,-3.34492826461792,14.220833333333333,-2.5124999999999993
36,-2.9315593242645264,16.1125,-0.01249999999999929
37,-2.874511480331421,16.1125,-15.004166666666666
38,-2.9685614109039307,16.1125,-12.5125
39,-3.2511510848999023,16.1125,-10.004166666666666
40,-3.2924938201904297,16.1125,-7.512499999999999
41,-3.315605401992798,16.1125,-5.012499999999999
42,-3.0883519649505615,16.1125,-2.5124999999999993
43,-2.8933615684509277,18.0125,-0.01249999999999929
44,-2.423703670501709,18.0125,-15.004166666666666
45,-2.685237407684326,18.0125,-12.5125
46,-3.0303635597229004,18.0125,-10.004166666666666
47,-3.162780284881592,18.0125,-7.512499999999999
48,-2.996004104614258,18.0125,-5.012499999999999
49,-2.792856454849243,18.0125,-2.5124999999999993
50,-2.9250214099884033,19.90416666666667,-0.01249999999999929
51,-2.2244503498077393,19.90416666666667,-15.004166666666666
52,-3.1270217895507812,19.90416666666667,-12.5125
53,-3.0212481021881104,19.90416666666667,-10.004166666666666
54,-2.87880277633667,19.90416666666667,-7.512499999999999
55,-2.748964309692383,19.90416666666667,-5.012499999999999
56,-2.6959543228149414,19.90416666666667,-2.5124999999999993
57,-2.7833151817321777,21.795833333333334,-0.01249999999999929
58,-2.274263858795166,21.795833333333334,-15.004166666666666
59,-2.6545491218566895,21.795833333333334,-12.5125
60,-2.8282053470611572,21.795833333333334,-10.004166666666666
61,-2.7201218605041504,21.795833333333334,-7.512499999999999
62,-2.656761407852173,21.795833333333334,-5.012499999999999
63,-2.753758668899536,21.795833333333334,-2.5124999999999993
64,-2.8114819526672363,23.695833333333333,-0.01249999999999929
65,-2.4762706756591797,23.695833333333333,-15.004166666666666
66,-2.6693179607391357,23.695833333333333,-12.5125
67,-2.611583948135376,23.695833333333333,-10.004166666666666
68,-2.700965166091919,23.695833333333333,-7.512499999999999
69,-2.6766278743743896,23.695833333333333,-5.012499999999999
70,-2.582613706588745,23.695833333333333,-2.5124999999999993
71,-2.871821641921997,25.5875,-0.01249999999999929
72,-2.3307089805603027,25.454166666666666,-14.762500000000001
73,-3.0001115798950195,25.5875,-12.5125
74,-3.070392608642578,25.5875,-10.004166666666666
75,-3.1252293586730957,25.5875,-7.512499999999999
76,-2.964114189147949,25.5875,-5.012499999999999
77,-2.919052839279175,25.5875,-2.5124999999999993
78,-3.306983470916748,27.479166666666668,-0.01249999999999929
79,-2.9917123317718506,27.479166666666668,-12.5125
80,-3.8397152423858643,27.479166666666668,-10.004166666666666
81,-3.59596586227417,27.479166666666668,-7.512499999999999
82,-3.3608338832855225,27.479166666666668,-5.012499999999999
83,-3.3938353061676025,27.479166666666668,-2.5124999999999993
84,-3.910454273223877,29.379166666666666,-0.01249999999999929
85,-3.7939491271972656,29.379166666666666,-10.004166666666666
86,-3.889342784881592,29.379166666666666,-7.512499999999999
87,-4.386872291564941,29.379166666666666,-5.012499999999999
88,-4.51068115234375,29.379166666666666,-2.5124999999999993
0,-8.899934768676758,61.587500000000006,5.004166666666666
1,-13.483959197998047,61.587500000000006,7.4875
2,-13.371455192565918,61.587500000000006,9.995833333333334
3,-12.966293334960938,61.587500000000006,12.4875
4,-11.84153938293457,61.587500000000006,14.987499999999999
5,-11.102380752563477,61.545833333333334,17.454166666666666
6,-11.883639335632324,61.587500000000006,22.4875
7,-12.902580261230469,61.587500000000006,24.9875
8,-13.52077579498291,61.587500000000006,27.4875
9,-13.659172058105469,61.587500000000006,29.9875
10,-9.985604286193848,63.40416666666667,7.779166666666667
11,-11.142776489257812,63.4875,9.995833333333334
12,-12.846092224121094,63.47916666666667,12.4875
13,-12.663195610046387,63.47916666666667,14.987499999999999
14,-12.638436317443848,63.47916666666667,17.4875
15,-12.064574241638184,63.47916666666667,19.895833333333332
16,-12.870161056518555,63.47916666666667,22.4875
17,-13.957688331604004,63.47916666666667,24.9875
18,-14.36378002166748,63.47916666666667,27.4875
19,-14.32470989227295,63.47916666666667,29.9875
20,-10.722296714782715,65.2125,10.979166666666666
21,-11.262983322143555,65.37916666666666,12.4875
22,-13.382217407226562,65.37916666666666,14.987499999999999
23,-13.390569686889648,65.37916666666666,17.4875
24,-13.654389381408691,65.37916666666666,19.9875
25,-13.485857009887695,65.3625,22.479166666666668
26,-13.984514236450195,65.40416666666667,25.020833333333332
27,-14.663849830627441,65.37916666666666,27.4875
28,-14.582159042358398,65.37916666666666,29.9875
29,-10.191757202148438,67.47916666666667,12.020833333333334
30,-12.106369972229004,67.24583333333334,14.979166666666666
31,-14.514554977416992,67.27083333333333,17.4875
32,-14.773285865783691,67.27083333333333,19.9875
33,-14.90540885925293,67.27083333333333,22.4875
34,-15.013700485229492,67.27083333333333,24.9875
35,-14.990338325500488,67.27083333333333,27.4875
36,-14.738673210144043,67.27083333333333,29.9875
37,-10.544371604919434,69.02916666666667,15.120833333333334
38,-11.537829399108887,69.1625,17.4875
39,-13.192227363586426,69.1625,19.9875
40,-13.912064552307129,69.1625,22.4875
41,-14.016020774841309,69.1625,24.9875
42,-13.63037109375,69.1625,27.4875
43,-13.39666748046875,69.1625,29.9875
44,-10.886820793151855,70.87083333333334,22.904166666666665
45,-10.816370964050293,71.04583333333333,24.97083333333333
46,-10.823342323303223,71.0625,27.504166666666666
47,-10.786953926086426,70.84583333333333,29.2375
48,-12.487634658813477,76.87083333333334,15.520833333333334
49,-12.813934326171875,76.72083333333333,17.1375
50,-13.026179313659668,77.07083333333333,22.4625
51,-12.726627349853516,78.67083333333333,10.745833333333334
52,-14.118369102478027,78.6375,12.4875
53,-14.314815521240234,78.6375,14.987499999999999
54,-15.79236888885498,78.6375,17.4875
55,-14.946986198425293,78.62083333333334,19.9875
56,-14.738588333129883,78.6125,22.004166666666666
57,-15.265804290771484,80.3625,18.279166666666665
58,-15.520176887512207,80.52916666666667,19.9875
59,-15.143474578857422,80.50416666666666,22.7625
60,-15.123549461364746,80.47083333333333,24.145833333333332
61,-15.536803245544434,80.15416666666667,26.645833333333332
0,-5.041796684265137,31.270833333333332,0.004166666666666667
1,-4.80557107925415,31.270833333333332,2.495833333333333
2,-4.1470184326171875,31.270833333333332,4.995833333333334
3,-4.139963150024414,31.270833333333332,7.4875
4,-4.773916721343994,31.270833333333332,9.9875
5,-5.186395645141602,31.270833333333332,12.4875
6,-4.3348259925842285,31.270833333333332,14.987499999999999
7,-4.061224460601807,31.070833333333333,17.3875
8,-4.111614227294922,31.3125,20.104166666666668
9,-4.4046630859375,31.270833333333332,22.495833333333334
10,-4.506807804107666,31.270833333333332,24.9875
11,-4.096582412719727,31.204166666666666,27.495833333333334
12,-4.126143455505371,31.270833333333332,29.995833333333334
13,-6.713338851928711,33.1625,0.004166666666666667
14,-5.985297679901123,33.1625,2.495833333333333
15,-4.906643867492676,33.1625,4.995833333333334
16,-4.46058464050293,33.1625,7.4875
17,-5.149376392364502,33.1625,9.9875
18,-4.4105048179626465,32.8125,12.445833333333333
19,-4.4517083168029785,32.87083333333334,22.370833333333334
20,-5.499022483825684,35.0625,0.004166666666666667
21,-6.231935977935791,35.0625,2.495833333333333
22,-5.953765392303467,35.0625,4.995833333333334
23,-7.055686950683594,35.0625,7.4875
24,-5.172614574432373,35.0625,9.9875
25,-5.268204689025879,35.0625,24.9875
26,-4.851120471954346,36.6375,2.3791666666666664
27,-5.0580034255981445,36.84583333333333,4.920833333333333
28,-5.641163349151611,36.954166666666666,7.4875
29,-5.090532302856445,36.954166666666666,9.9875
30,-5.196009635925293,36.7875,12.054166666666667
31,-6.298239707946777,36.954166666666666,14.987499999999999
32,-5.628867149353027,36.954166666666666,22.495833333333334
33,-5.199021816253662,36.9625,27.4875
34,-9.618157386779785,36.954166666666666,29.9875
35,-5.122335433959961,38.85416666666667,0.004166666666666667
36,-5.481761932373047,39.1375,9.604166666666666
37,-5.702524662017822,38.795833333333334,15.195833333333333
38,-5.544440746307373,38.954166666666666,17.1625
39,-5.709153175354004,39.14583333333333,20.229166666666668
40,-5.656187534332275,38.85416666666667,22.495833333333334
41,-5.762051582336426,38.80416666666667,24.679166666666667
42,-6.071979999542236,38.85416666666667,27.4875
43,-8.994118690490723,38.85416666666667,29.9875
44,-7.159170150756836,40.74583333333334,0.004166666666666667
45,-5.708897590637207,40.6875,9.745833333333334
46,-5.829318523406982,40.92916666666667,12.854166666666666
47,-7.231660842895508,40.74583333333334,14.987499999999999
48,-6.479584693908691,40.74583333333334,17.4875
49,-6.8439812660217285,40.74583333333334,19.9875
50,-6.4201178550720215,40.74583333333334,22.495833333333334
51,-6.3396430015563965,40.7375,24.779166666666665
52,-6.167665004730225,40.64583333333333,27.4875
53,-6.192416667938232,40.74583333333334,29.9875
54,-9.818172454833984,42.6375,0.004166666666666667
55,-6.468523979187012,42.6375,2.495833333333333
56,-6.103271007537842,42.5875,10.054166666666667
57,-7.17993688583374,42.6375,12.4875
58,-6.3560895919799805,42.72916666666667,17.545833333333334
59,-10.537378311157227,42.6375,19.9875
60,-10.610594749450684,42.6375,22.495833333333334
61,-9.36987018585205,42.6375,24.9875
62,-7.197558403015137,42.6375,27.4875
63,-6.578251361846924,44.5375,0.004166666666666667
64,-7.619466304779053,44.5375,2.495833333333333
65,-7.701718330383301,44.5375,4.995833333333334
66,-8.052854537963867,44.5375,7.4875
67,-8.580674171447754,44.5375,9.9875
68,-6.874845504760742,44.52916666666667,12.279166666666667
69,-7.0428690910339355,44.52916666666667,14.987499999999999
70,-9.006792068481445,44.5375,17.4875
71,-8.50100040435791,44.5375,19.9875
72,-8.553177833557129,44.5375,22.495833333333334
73,-8.762188911437988,44.5375,24.9875
74,-7.988217830657959,44.5375,27.4875
75,-7.320966720581055,44.7875,29.545833333333334
76,-7.400857925415039,46.42916666666667,0.004166666666666667
77,-7.9688873291015625,46.42916666666667,2.495833333333333
78,-8.079899787902832,46.42916666666667,4.995833333333334
79,-10.706317901611328,46.42916666666667,7.4875
80,-12.434636116027832,46.42916666666667,9.9875
81,-11.625589370727539,46.42916666666667,12.4875
82,-9.50153636932373,46.42916666666667,14.987499999999999
83,-8.721235275268555,46.42916666666667,17.4875
84,-9.040740966796875,46.42916666666667,19.9875
85,-9.71111011505127,46.42916666666667,22.495833333333334
86,-9.99795913696289,46.42916666666667,24.9875
87,-8.96820068359375,46.42916666666667,27.4875
88,-9.002531051635742,46.42916666666667,29.9875
89,-7.653409957885742,48.32083333333333,0.004166666666666667
90,-8.046855926513672,48.32083333333333,2.495833333333333
91,-8.847187995910645,48.32083333333333,4.995833333333334
92,-8.789764404296875,48.32083333333333,7.4875
93,-9.5704927444458,48.32083333333333,9.9875
94,-9.393550872802734,48.32083333333333,12.4875
95,-9.98615550994873,48.32083333333333,14.987499999999999
96,-9.23969841003418,48.32083333333333,17.4875
97,-9.795083999633789,48.32083333333333,19.9875
98,-9.589552879333496,48.32083333333333,22.495833333333334
99,-10.54348087310791,48.32083333333333,24.9875
100,-9.876690864562988,48.32083333333333,27.4875
101,-9.989386558532715,48.32083333333333,29.9875
102,-8.21151351928711,50.22083333333333,2.495833333333333
103,-8.792393684387207,50.22083333333333,4.995833333333334
104,-9.311969757080078,50.22083333333333,7.4875
105,-9.438157081604004,50.22083333333333,9.9875
106,-9.759596824645996,50.22083333333333,12.4875
107,-9.0786714553833,50.22083333333333,14.987499999999999
108,-10.169660568237305,50.22083333333333,17.4875
109,-9.968643188476562,50.22083333333333,19.9875
110,-9.833122253417969,50.22083333333333,22.495833333333334
111,-10.147034645080566,50.22083333333333,24.9875
112,-10.434789657592773,50.22083333333333,27.4875
113,-10.432024002075195,50.22083333333333,29.9875
114,-7.397604942321777,52.1125,0.004166666666666667
115,-8.036391258239746,52.1125,4.995833333333334
116,-8.731961250305176,52.1125,7.4875
117,-9.122960090637207,52.1125,9.9875
118,-9.233183860778809,52.1125,12.4875
119,-9.126975059509277,52.1125,14.987499999999999
120,-9.45986270904541,52.1125,17.4875
121,-9.751934051513672,52.1125,19.9875
122,-10.11761474609375,52.1125,22.495833333333334
123,-10.468242645263672,52.1125,24.9875
124,-10.646772384643555,52.1125,27.4875
125,-10.845043182373047,52.1125,29.9875
126,-7.097184658050537,53.75416666666666,0.004166666666666667
127,-8.03555965423584,53.75416666666666,7.504166666666666
128,-8.660404205322266,54.0125,9.9875
129,-8.779792785644531,54.0125,12.4875
130,-8.690155982971191,54.0125,14.987499999999999
131,-9.334275245666504,54.0125,17.4875
132,-9.64974594116211,54.0125,19.9875
133,-10.06502628326416,54.0125,22.495833333333334
134,-10.604045867919922,54.0125,24.9875
135,-11.269230842590332,54.0125,27.4875
136,-11.41799259185791,54.0125,29.9875
137,-7.765838623046875,56.0125,8.1125
138,-8.554426193237305,55.90416666666667,9.9875
139,-8.665224075317383,55.90416666666667,12.4875
140,-8.517693519592285,56.00416666666667,14.854166666666666
141,-9.92185115814209,55.90416666666667,22.495833333333334
142,-10.463147163391113,55.90416666666667,24.9875
143,-11.512600898742676,55.90416666666667,27.4875
144,-11.948760032653809,55.90416666666667,29.9875
145,-8.245515823364258,57.9625,7.495833333333334
146,-8.811847686767578,57.5875,9.995833333333334
147,-9.634721755981445,57.795833333333334,12.4875
148,-9.68415641784668,57.795833333333334,14.987499999999999
149,-8.853029251098633,57.8625,16.820833333333333
150,-8.772848129272461,57.9625,19.34583333333333
151,-9.580160140991211,57.74583333333334,22.520833333333332
152,-11.069409370422363,57.795833333333334,24.9875
153,-11.906661033630371,57.795833333333334,27.4875
154,-12.330987930297852,57.795833333333334,29.9875
155,-8.764338493347168,59.6875,5.095833333333333
156,-12.117130279541016,59.69583333333333,7.4875
157,-11.813651084899902,59.69583333333333,9.9875
158,-10.988910675048828,59.69583333333333,12.4875
159,-10.820021629333496,59.69583333333333,14.987499999999999
160,-10.052936553955078,59.69583333333333,17.4875
161,-9.7752103805542,59.8375,19.954166666666666
162,-10.201655387878418,59.7375,22.4625
163,-11.369742393493652,59.6375,25.004166666666666
164,-12.631296157836914,59.84583333333333,27.22083333333333
165,-13.280211448669434,59.69583333333333,29.9875
0,-3.0509908199310303,0.9541666666666657,9.9875
1,-4.339064121246338,0.9541666666666657,12.4875
2,-4.647745609283447,0.9541666666666657,14.987499999999999
3,-4.817147731781006,0.9541666666666657,17.4875
4,-5.096287727355957,0.9541666666666657,19.9875
5,-5.3845415115356445,0.9541666666666657,22.4875
6,-5.476537227630615,0.9541666666666657,24.9875
7,-5.572793483734131,0.9541666666666657,27.4875
8,-5.565597057342529,0.9541666666666657,29.9875
9,-3.8792481422424316,2.854166666666668,9.9875
10,-5.197096347808838,2.854166666666668,12.4875
11,-5.31801700592041,2.854166666666668,14.987499999999999
12,-5.336399555206299,2.854166666666668,17.4875
13,-5.484234809875488,2.854166666666668,19.9875
14,-5.569098472595215,2.854166666666668,22.4875
15,-5.452690124511719,2.854166666666668,24.9875
16,-6.034754276275635,2.854166666666668,27.4875
17,-5.983835697174072,2.854166666666668,29.9875
18,-4.252156734466553,4.745833333333334,7.4875
19,-4.741570472717285,4.745833333333334,9.9875
20,-5.509860515594482,4.745833333333334,12.4875
21,-5.881478786468506,4.745833333333334,14.987499999999999
22,-5.963109493255615,4.745833333333334,17.4875
23,-5.530529975891113,4.745833333333334,19.9875
24,-5.677149772644043,4.745833333333334,22.4875
25,-5.718424320220947,4.745833333333334,24.9875
26,-5.758554935455322,4.745833333333334,27.4875
27,-5.361922264099121,4.745833333333334,29.9875
28,-3.3014626502990723,6.637499999999999,0.004166666666666667
29,-3.4618892669677734,6.637499999999999,2.495833333333333
30,-4.377516269683838,6.637499999999999,4.9875
31,-4.939700603485107,6.637499999999999,7.4875
32,-6.637399673461914,6.637499999999999,9.9875
33,-6.3393073081970215,6.637499999999999,12.4875
34,-6.689725875854492,6.637499999999999,14.987499999999999
35,-5.325159072875977,6.637499999999999,17.4875
36,-5.566291809082031,6.637499999999999,19.9875
37,-5.721012592315674,6.637499999999999,22.4875
38,-5.442875385284424,6.637499999999999,24.9875
39,-4.925637245178223,6.637499999999999,27.4875
40,-4.373141288757324,6.637499999999999,29.9875
41,-3.8796334266662598,8.537500000000001,0.004166666666666667
42,-3.972489595413208,8.537500000000001,2.495833333333333
43,-4.381258964538574,8.537500000000001,4.9875
44,-4.564990520477295,8.537500000000001,7.4875
45,-4.272388458251953,8.537500000000001,9.9875
46,-5.348228454589844,8.537500000000001,12.4875
47,-4.6454339027404785,8.537500000000001,14.987499999999999
48,-4.4125776290893555,8.537500000000001,17.4875
49,-4.647327899932861,8.537500000000001,19.9875
50,-5.459124565124512,8.537500000000001,22.4875
51,-4.8970513343811035,8.537500000000001,24.9875
52,-4.241034507751465,8.537500000000001,27.4875
53,-4.102562427520752,8.537500000000001,29.9875
54,-3.6134188175201416,10.429166666666667,0.004166666666666667
55,-3.982679605484009,10.429166666666667,2.495833333333333
56,-4.074405670166016,10.429166666666667,4.9875
57,-4.766578674316406,10.429166666666667,7.4875
58,-4.272169589996338,10.429166666666667,9.9875
59,-3.8976080417633057,10.429166666666667,12.4875
60,-3.8342180252075195,10.429166666666667,14.987499999999999
61,-3.8421380519866943,10.429166666666667,17.4875
62,-3.9247236251831055,10.429166666666667,19.9875
63,-3.934892177581787,10.429166666666667,22.4875
64,-3.831918239593506,10.429166666666667,24.9875
65,-3.7634310722351074,10.429166666666667,27.4875
66,-3.842200756072998,10.429166666666667,29.9875
67,-3.6371309757232666,12.320833333333333,0.004166666666666667
68,-3.527693271636963,12.320833333333333,2.495833333333333
69,-3.6442067623138428,12.320833333333333,4.9875
70,-3.9848949909210205,12.320833333333333,7.4875
71,-3.569154977798462,12.320833333333333,9.9875
72,-3.510328531265259,12.320833333333333,12.4875
73,-3.389519214630127,12.320833333333333,14.987499999999999
74,-3.364187002182007,12.320833333333333,17.4875
75,-3.6164674758911133,12.320833333333333,19.9875
76,-3.724984645843506,12.320833333333333,22.4875
77,-3.801893472671509,12.320833333333333,24.9875
78,-3.445626735687256,12.320833333333333,27.4875
79,-3.594137668609619,12.320833333333333,29.9875
80,-3.1950581073760986,14.220833333333333,0.004166666666666667
81,-3.1892130374908447,14.220833333333333,2.495833333333333
82,-3.232501745223999,14.220833333333333,4.9875
83,-3.385063886642456,14.220833333333333,7.4875
84,-3.199408769607544,14.220833333333333,9.9875
85,-2.944859266281128,14.220833333333333,12.4875
86,-2.903110980987549,14.220833333333333,14.987499999999999
87,-2.7141060829162598,14.220833333333333,17.4875
88,-2.966275215148926,14.220833333333333,19.9875
89,-3.9748432636260986,14.220833333333333,22.4875
90,-3.748587131500244,14.220833333333333,24.9875
91,-3.1524338722229004,14.220833333333333,27.4875
92,-2.851972818374634,14.220833333333333,29.9875
93,-2.923079252243042,16.1125,0.004166666666666667
94,-2.9694764614105225,16.1125,2.495833333333333
95,-2.997537851333618,16.1125,4.9875
96,-3.096172332763672,16.1125,7.4875
97,-2.7964446544647217,16.1125,9.9875
98,-2.584832191467285,16.1125,12.4875
99,-2.3343093395233154,16.1125,14.987499999999999
100,-2.060012102127075,16.1125,17.4875
101,-2.3910298347473145,16.1125,19.9875
102,-3.1329236030578613,16.1125,22.4875
103,-2.8450610637664795,16.1125,24.9875
104,-2.6840083599090576,16.1125,27.4875
105,-2.347797155380249,16.1125,29.9875
106,-2.896622896194458,18.0125,0.004166666666666667
107,-2.821850061416626,18.0125,2.495833333333333
108,-2.539815664291382,18.0125,4.9875
109,-2.638044595718384,18.0125,7.4875
110,-2.6242778301239014,18.0125,9.9875
111,-2.343766450881958,18.0125,12.4875
112,-2.3263039588928223,18.0125,14.987499999999999
113,-2.051520347595215,18.0125,17.4875
114,-2.0424790382385254,18.0125,19.9875
115,-2.3633832931518555,18.0125,22.4875
116,-2.44710111618042,18.0125,24.9875
117,-2.3615384101867676,18.0125,27.4875
118,-1.9309943914413452,18.0125,29.9875
119,-2.9146628379821777,19.90416666666667,0.004166666666666667
120,-3.347686767578125,19.90416666666667,2.495833333333333
121,-2.7001028060913086,19.90416666666667,4.9875
122,-2.621478319168091,19.90416666666667,7.4875
123,-2.6268579959869385,19.90416666666667,9.9875
124,-2.293081045150757,19.90416666666667,12.4875
125,-2.4948582649230957,19.90416666666667,14.987499999999999
126,-3.694122791290283,19.90416666666667,17.4875
127,-2.5839390754699707,19.90416666666667,19.9875
128,-2.7106757164001465,19.90416666666667,22.4875
129,-2.7803003787994385,19.90416666666667,24.9875
130,-2.577885150909424,19.90416666666667,27.4875
131,-1.9226131439208984,19.90416666666667,29.9875
132,-2.73700213432312,21.795833333333334,0.004166666666666667
133,-2.9595389366149902,21.795833333333334,2.495833333333333
134,-3.4382522106170654,21.795833333333334,4.9875
135,-3.123706817626953,21.795833333333334,7.4875
136,-3.040327787399292,21.795833333333334,9.9875
137,-3.3545000553131104,21.795833333333334,12.4875
138,-2.9624767303466797,21.795833333333334,14.987499999999999
139,-4.115243434906006,21.795833333333334,17.4875
140,-3.1437885761260986,21.795833333333334,19.9875
141,-2.943094253540039,21.795833333333334,22.4875
142,-2.9884722232818604,21.795833333333334,24.9875
143,-2.6200363636016846,21.795833333333334,27.4875
144,-2.331122636795044,21.795833333333334,29.9875
145,-2.7527830600738525,23.695833333333333,0.004166666666666667
146,-3.119007110595703,23.695833333333333,2.495833333333333
147,-4.215132713317871,23.695833333333333,4.9875
148,-5.057153701782227,23.695833333333333,7.4875
149,-3.968003034591675,23.695833333333333,9.9875
150,-3.9502525329589844,23.695833333333333,12.4875
151,-3.3166086673736572,23.695833333333333,14.987499999999999
152,-3.452683925628662,23.695833333333333,17.4875
153,-3.716423511505127,23.695833333333333,19.9875
154,-3.3346495628356934,23.695833333333333,22.4875
155,-3.5716307163238525,23.695833333333333,24.9875
156,-3.3575680255889893,23.695833333333333,27.4875
157,-2.608879566192627,23.695833333333333,29.9875
158,-2.7982163429260254,25.5875,0.004166666666666667
159,-2.973818778991699,25.5875,2.495833333333333
160,-4.291673183441162,25.5875,4.9875
161,-5.471638202667236,25.5875,7.4875
162,-3.9501309394836426,25.5875,9.9875
163,-4.183613300323486,25.5875,12.4875
164,-3.8506999015808105,25.5875,14.987499999999999
165,-3.890507459640503,25.5875,17.4875
166,-3.5089499950408936,25.5875,19.9875
167,-3.405625343322754,25.5875,22.4875
168,-3.679119348526001,25.5875,24.9875
169,-3.623847484588623,25.5875,27.4875
170,-4.021454811096191,25.5875,29.9875
171,-3.2330563068389893,27.479166666666668,0.004166666666666667
172,-3.561014413833618,27.479166666666668,2.495833333333333
173,-3.8622326850891113,27.479166666666668,4.9875
174,-4.0464959144592285,27.479166666666668,7.4875
175,-4.1717729568481445,27.479166666666668,9.9875
176,-4.163782119750977,27.479166666666668,12.4875
177,-4.1179938316345215,27.479166666666668,14.987499999999999
178,-4.881379127502441,27.479166666666668,17.4875
179,-3.728533983230591,27.479166666666668,19.9875
180,-3.5231523513793945,27.479166666666668,22.4875
181,-3.633138418197632,27.479166666666668,24.9875
182,-3.767012119293213,27.479166666666668,27.4875
183,-3.4999852180480957,27.479166666666668,29.9875
184,-3.855173110961914,29.379166666666666,0.004166666666666667
185,-4.266138076782227,29.379166666666666,2.495833333333333
186,-3.8782334327697754,29.379166666666666,4.9875
187,-4.009737968444824,29.379166666666666,7.4875
188,-4.841937065124512,29.379166666666666,9.9875
189,-4.9964494705200195,29.379166666666666,12.4875
190,-4.574080944061279,29.379166666666666,14.987499999999999
191,-4.016358852386475,29.379166666666666,17.4875
192,-3.849334955215454,29.379166666666666,19.9875
193,-3.937979221343994,29.379166666666666,22.4875
194,-3.844052314758301,29.379166666666666,24.9875
195,-3.5577352046966553,29.379166666666666,27.4875
196,-4.321219444274902,29.379166666666666,29.9875
0,-3.916043758392334,-29.3625,17.4875
1,-5.542496681213379,-29.3625,19.9875
2,-5.995163440704346,-29.3625,22.4875
3,-7.1260786056518555,-29.3625,24.9875
4,-8.209245681762695,-29.3625,27.4875
5,-7.7618513107299805,-29.3625,29.9875
6,-3.229102849960327,-27.320833333333333,15.295833333333333
7,-4.6102471351623535,-27.4625,17.4875
8,-5.0810041427612305,-27.4625,19.9875
9,-6.638433456420898,-27.4625,22.4875
10,-7.013738632202148,-27.4625,24.9875
11,-7.670985698699951,-27.4625,27.4875
12,-8.108538627624512,-27.4625,29.9875
13,-3.2840700149536133,-25.570833333333333,14.987499999999999
14,-5.363658905029297,-25.570833333333333,17.4875
15,-5.428800582885742,-25.570833333333333,19.9875
16,-5.814148426055908,-25.570833333333333,22.4875
17,-6.520793914794922,-25.570833333333333,24.9875
18,-6.564552307128906,-25.570833333333333,27.4875
19,-8.089881896972656,-25.570833333333333,29.9875
20,-3.739544630050659,-23.679166666666667,14.987499999999999
21,-5.851580619812012,-23.679166666666667,17.4875
22,-5.99155855178833,-23.679166666666667,19.9875
23,-5.931434154510498,-23.679166666666667,22.4875
24,-5.829239845275879,-23.679166666666667,24.9875
25,-5.690873622894287,-23.679166666666667,27.4875
26,-5.545984268188477,-23.679166666666667,29.9875
27,-4.820998668670654,-21.779166666666665,14.987499999999999
28,-6.777503967285156,-21.779166666666665,17.4875
29,-6.235716342926025,-21.779166666666665,19.9875
30,-5.564121246337891,-21.779166666666665,22.4875
31,-5.518388271331787,-21.779166666666665,24.9875
32,-5.370699882507324,-21.779166666666665,27.4875
33,-4.6656904220581055,-21.779166666666665,29.9875
34,-2.9298970699310303,-19.7125,12.879166666666666
35,-5.160784721374512,-19.8875,14.987499999999999
36,-6.5905303955078125,-19.8875,17.4875
37,-5.898606777191162,-19.8875,19.9875
38,-5.287692546844482,-19.8875,22.4875
39,-5.312686443328857,-19.8875,24.9875
40,-5.812156677246094,-19.8875,27.4875
41,-6.012843608856201,-19.8875,29.9875
42,-4.68607234954834,-17.9875,12.4875
43,-5.468183994293213,-17.9875,14.987499999999999
44,-5.917829990386963,-17.9875,17.4875
45,-5.840920925140381,-17.9875,19.9875
46,-5.630089282989502,-17.9875,22.4875
47,-5.61060094833374,-17.9875,24.9875
48,-5.451876640319824,-17.9875,27.4875
49,-5.815673828125,-17.9875,29.9875
50,-3.9498565196990967,-16.09583333333333,12.4875
51,-5.909824371337891,-16.09583333333333,14.987499999999999
52,-6.335607051849365,-16.09583333333333,17.4875
53,-6.307353973388672,-16.09583333333333,19.9875
54,-5.860110759735107,-16.09583333333333,22.4875
55,-6.068305969238281,-16.09583333333333,24.9875
56,-5.817950248718262,-16.09583333333333,27.4875
57,-4.673150062561035,-16.09583333333333,29.9875
58,-3.739795446395874,-14.204166666666666,12.4875
59,-6.466299533843994,-14.204166666666666,14.987499999999999
60,-7.094695568084717,-14.204166666666666,17.4875
61,-6.601702690124512,-14.204166666666666,19.9875
62,-6.030346393585205,-14.204166666666666,22.4875
63,-6.228362083435059,-14.204166666666666,24.9875
64,-5.9541015625,-14.204166666666666,27.4875
65,-5.055095672607422,-14.204166666666666,29.9875
66,-6.596526622772217,-12.304166666666667,14.987499999999999
67,-6.848458290100098,-12.304166666666667,17.4875
68,-6.586647987365723,-12.304166666666667,19.9875
69,-6.119836807250977,-12.304166666666667,22.4875
70,-6.316125392913818,-12.304166666666667,24.9875
71,-6.2826337814331055,-12.304166666666667,27.4875
72,-5.927766799926758,-12.304166666666667,29.9875
73,-6.204560279846191,-10.4125,14.987499999999999
74,-6.090324401855469,-10.4125,17.4875
75,-6.313137054443359,-10.4125,19.9875
76,-5.9060211181640625,-10.4125,22.4875
77,-6.2003583908081055,-10.4125,24.9875
78,-5.90353536605835,-10.4125,27.4875
79,-5.883534908294678,-10.4125,29.9875
80,-5.410845756530762,-8.520833333333334,14.987499999999999
81,-5.374753475189209,-8.520833333333334,17.4875
82,-5.780128479003906,-8.520833333333334,19.9875
83,-5.613523006439209,-8.520833333333334,22.4875
84,-6.2745161056518555,-8.520833333333334,24.9875
85,-6.8994221687316895,-8.520833333333334,27.4875
86,-5.761195659637451,-8.520833333333334,29.9875
87,-3.8652803897857666,-6.6125,12.545833333333333
88,-5.513647556304932,-6.620833333333334,14.987499999999999
89,-4.9410319328308105,-6.620833333333334,17.4875
90,-5.289170265197754,-6.620833333333334,19.9875
91,-5.4478325843811035,-6.620833333333334,22.4875
92,-6.060553073883057,-6.620833333333334,24.9875
93,-5.5784077644348145,-6.620833333333334,27.4875
94,-5.430716514587402,-6.620833333333334,29.9875
95,-3.786529302597046,-4.729166666666667,12.4875
96,-4.521146774291992,-4.729166666666667,14.987499999999999
97,-4.686868667602539,-4.729166666666667,17.4875
98,-4.970770835876465,-4.729166666666667,19.9875
99,-5.109041690826416,-4.729166666666667,22.4875
100,-5.270253658294678,-4.729166666666667,24.9875
101,-5.3198933601379395,-4.729166666666667,27.4875
102,-6.200015544891357,-4.729166666666667,29.9875
103,-2.3823893070220947,-2.8041666666666667,10.0375
104,-3.827916383743286,-2.8375,12.4875
105,-4.299960136413574,-2.8375,14.987499999999999
106,-4.6406755447387695,-2.8375,17.4875
107,-4.831173419952393,-2.8375,19.9875
108,-5.182784557342529,-2.8375,22.4875
109,-5.411673545837402,-2.8375,24.9875
110,-5.355354309082031,-2.8375,27.4875
111,-6.910215377807617,-2.8375,29.9875
112,-2.391456127166748,-0.9375,9.9875
113,-3.7363264560699463,-0.9375,12.4875
114,-4.288339138031006,-0.9375,14.987499999999999
115,-4.521807670593262,-0.9375,17.4875
116,-4.832326412200928,-0.9375,19.9875
117,-5.072644233703613,-0.9375,22.4875
118,-5.21549129486084,-0.9375,24.9875
119,-5.582458019256592,-0.9375,27.4875
120,-6.883286476135254,-0.9375,29.9875
0,-4.890039920806885,-34.82083333333333,19.9875
1,-4.309290885925293,-33.0375,17.895833333333332
2,-5.6841630935668945,-33.145833333333336,19.9875
3,-6.499591827392578,-33.145833333333336,22.4875
4,-5.471175193786621,-33.145833333333336,24.9875
5,-5.322615146636963,-33.145833333333336,27.4875
6,-3.904438018798828,-31.145833333333332,17.754166666666666
7,-6.027315616607666,-31.254166666666666,19.9875
8,-7.399071216583252,-31.254166666666666,22.4875
9,-8.35543155670166,-31.254166666666666,24.9875
10,-9.197011947631836,-31.254166666666666,27.4875
11,-5.148923873901367,-31.254166666666666,29.9875
0,-13.660689353942871,61.587500000000006,30.004166666666666
1,-13.896859169006348,61.587500000000006,32.49583333333333
2,-13.796609878540039,61.587500000000006,34.9875
3,-14.435104370117188,61.587500000000006,37.4875
4,-14.533123016357422,61.587500000000006,39.9875
5,-14.349268913269043,61.587500000000006,42.4875
6,-14.274566650390625,61.587500000000006,44.9875
7,-14.323136329650879,61.587500000000006,47.4875
8,-14.507757186889648,61.587500000000006,49.99583333333334
9,-14.650123596191406,61.587500000000006,52.4875
10,-14.723206520080566,61.587500000000006,54.9875
11,-14.955466270446777,61.587500000000006,57.4875
12,-15.21325397491455,61.587500000000006,59.9875
13,-14.330591201782227,63.47916666666667,30.004166666666666
14,-14.220489501953125,63.47916666666667,32.49583333333333
15,-14.349761009216309,63.47916666666667,34.9875
16,-14.887929916381836,63.47916666666667,37.4875
17,-14.892833709716797,63.47916666666667,39.9875
18,-14.597472190856934,63.47916666666667,42.4875
19,-14.62977123260498,63.47916666666667,44.9875
20,-14.714666366577148,63.47916666666667,47.4875
21,-15.056344032287598,63.47916666666667,49.99583333333334
22,-15.366435050964355,63.47916666666667,52.4875
23,-15.552212715148926,63.47916666666667,54.9875
24,-15.736919403076172,63.47916666666667,57.4875
25,-15.659862518310547,63.47916666666667,59.9875
26,-14.577836990356445,65.37916666666666,30.004166666666666
27,-14.067358016967773,65.37916666666666,32.49583333333333
28,-14.41613483428955,65.42083333333333,34.6875
29,-14.67349910736084,65.14583333333333,37.1875
30,-14.644291877746582,65.37916666666666,39.9875
31,-14.710891723632812,65.37916666666666,42.4875
32,-14.710312843322754,65.37916666666666,44.9875
33,-15.000049591064453,65.37916666666666,47.4875
34,-15.61104965209961,65.37916666666666,49.99583333333334
35,-15.69869613647461,65.37916666666666,52.4875
36,-15.981903076171875,65.37916666666666,54.9875
37,-16.058349609375,65.37916666666666,57.4875
38,-17.059932708740234,65.37916666666666,59.9875
39,-14.749645233154297,67.27083333333333,30.004166666666666
40,-14.05325984954834,67.27083333333333,32.49583333333333
41,-13.935887336730957,67.27083333333333,34.9875
42,-13.658845901489258,67.27083333333333,37.4875
43,-14.110265731811523,67.27083333333333,39.9875
44,-14.066526412963867,67.27083333333333,44.9875
45,-14.515388488769531,67.2125,47.72083333333333
46,-14.953789710998535,67.27083333333333,49.99583333333334
47,-15.445355415344238,67.27083333333333,52.4875
48,-15.848316192626953,67.27083333333333,54.9875
49,-16.007980346679688,67.27083333333333,57.4875
50,-16.213775634765625,67.27083333333333,59.9875
51,-13.394013404846191,69.1625,30.004166666666666
52,-12.40439224243164,69.1625,32.49583333333333
53,-12.143954277038574,69.1625,34.9875
54,-11.99682331085205,68.89583333333333,36.94583333333333
55,-13.803384780883789,69.10416666666667,48.2375
56,-14.155797958374023,69.1625,49.99583333333334
57,-14.932737350463867,68.82916666666667,53.15416666666667
58,-15.294398307800293,68.97916666666667,54.65416666666667
59,-16.079700469970703,68.82916666666667,58.079166666666666
60,-16.23455238342285,69.1125,59.329166666666666
61,-10.951744079589844,70.70416666666667,30.004166666666666
62,-14.451995849609375,71.07083333333333,52.829166666666666
63,-15.741071701049805,71.0625,54.9875
64,-16.124988555908203,70.92916666666667,56.89583333333333
65,-14.436141014099121,72.8625,52.67916666666667
66,-16.054840087890625,72.95416666666667,54.9875
67,-16.194337844848633,73.1125,56.545833333333334
68,-15.677933692932129,74.7875,55.829166666666666
69,-17.471933364868164,74.85416666666667,57.4875
70,-17.23591423034668,74.85416666666667,59.9875
71,-16.55820083618164,76.12083333333334,59.99583333333334
72,-17.734716415405273,80.5375,49.99583333333334
73,-15.266948699951172,80.5375,53.22083333333333
74,-15.254118919372559,80.52083333333333,54.954166666666666
75,-17.90460968017578,80.5375,57.52083333333333
76,-18.58116912841797,80.5375,59.9875
0,-4.134466648101807,31.270833333333332,30.004166666666666
1,-4.090139389038086,31.195833333333333,32.420833333333334
2,-5.102254867553711,31.270833333333332,34.9875
3,-5.058652400970459,31.270833333333332,37.4875
4,-5.50446081161499,31.270833333333332,39.9875
5,-4.00796365737915,31.270833333333332,42.4875
6,-3.0617733001708984,31.270833333333332,44.9875
7,-3.1529791355133057,31.270833333333332,47.4875
8,-4.410074234008789,31.270833333333332,49.9875
9,-6.426676273345947,31.270833333333332,52.4875
10,-4.917141914367676,31.270833333333332,54.9875
11,-2.157661199569702,31.270833333333332,57.4875
12,-4.652064323425293,31.270833333333332,59.9875
13,-4.422542572021484,33.09583333333333,35.104166666666664
14,-5.683846950531006,33.1625,37.4875
15,-5.82734489440918,33.1625,39.9875
16,-4.547787189483643,33.1625,42.4875
17,-3.7813241481781006,33.1625,44.9875
18,-5.270618915557861,33.1625,47.4875
19,-8.914347648620605,33.1625,49.9875
20,-6.467301845550537,33.1625,52.4875
21,-4.691839694976807,33.1625,54.9875
22,-6.0438432693481445,33.1625,57.4875
23,-6.505012035369873,33.1625,59.9875
24,-5.127089500427246,35.0625,32.49583333333333
25,-6.2334303855896,35.0625,37.4875
26,-5.260530948638916,35.0625,39.9875
27,-4.864935874938965,35.0625,42.4875
28,-5.087064743041992,35.0625,44.9875
29,-9.096537590026855,35.0625,47.4875
30,-7.288571834564209,35.0625,49.9875
31,-5.227693557739258,35.0625,52.4875
32,-4.567041397094727,35.0625,54.9875
33,-4.210165023803711,35.0625,57.4875
34,-6.962868690490723,35.0625,59.9875
35,-10.079756736755371,36.954166666666666,30.004166666666666
36,-9.547616958618164,36.954166666666666,32.49583333333333
37,-5.231265068054199,36.954166666666666,34.9875
38,-6.657894134521484,36.954166666666666,37.4875
39,-6.0489325523376465,36.954166666666666,39.9875
40,-5.535109043121338,36.954166666666666,42.4875
41,-10.104637145996094,36.954166666666666,44.9875
42,-8.563591957092285,36.954166666666666,47.4875
43,-8.567676544189453,36.954166666666666,49.9875
44,-4.977609634399414,36.954166666666666,52.4875
45,-5.000699996948242,36.954166666666666,54.9875
46,-7.056346893310547,36.954166666666666,57.4875
47,-7.740976333618164,36.954166666666666,59.9875
48,-9.013985633850098,38.85416666666667,30.004166666666666
49,-8.938703536987305,38.85416666666667,32.49583333333333
50,-9.313410758972168,38.85416666666667,34.9875
51,-10.413320541381836,38.85416666666667,37.4875
52,-8.323568344116211,38.85416666666667,39.9875
53,-11.166531562805176,38.85416666666667,42.4875
54,-9.286111831665039,38.85416666666667,44.9875
55,-8.257771492004395,38.85416666666667,47.4875
56,-6.669398307800293,38.85416666666667,49.9875
57,-6.061807632446289,38.85416666666667,52.4875
58,-5.68667459487915,38.85416666666667,54.9875
59,-5.569595813751221,38.85416666666667,57.4875
60,-6.099123001098633,38.85416666666667,59.9875
61,-6.198921203613281,40.74583333333334,30.004166666666666
62,-10.531171798706055,40.74583333333334,32.49583333333333
63,-8.987305641174316,40.74583333333334,34.9875
64,-8.72623348236084,40.74583333333334,37.4875
65,-8.736936569213867,40.74583333333334,39.9875
66,-11.457871437072754,40.74583333333334,42.4875
67,-10.428617477416992,40.74583333333334,44.9875
68,-7.848216533660889,40.74583333333334,47.4875
69,-7.519403457641602,40.74583333333334,49.9875
70,-6.375154495239258,40.74583333333334,52.4875
71,-6.506980895996094,40.74583333333334,54.9875
72,-6.868064880371094,40.74583333333334,57.4875
73,-6.922849178314209,40.74583333333334,59.9875
74,-10.21769905090332,42.6375,42.4875
75,-13.50834846496582,42.6375,44.9875
76,-9.309514045715332,42.6375,47.4875
77,-6.826117038726807,42.6375,52.4875
78,-7.702761173248291,42.6375,54.9875
79,-8.2940673828125,42.6375,57.4875
80,-7.673452377319336,42.6375,59.9875
81,-8.036948204040527,44.795833333333334,35.079166666666666
82,-7.901643753051758,44.670833333333334,37.579166666666666
83,-8.996018409729004,44.5375,39.9875
84,-9.921300888061523,44.5375,42.4875
85,-8.979276657104492,44.5375,44.9875
86,-7.916312217712402,44.5375,47.4875
87,-7.672323703765869,44.5375,49.9875
88,-7.526482582092285,44.5375,52.4875
89,-8.211403846740723,44.5375,54.9875
90,-9.096182823181152,44.5375,57.4875
91,-8.674367904663086,44.5375,59.9875
92,-8.952996253967285,46.42916666666667,30.004166666666666
93,-8.60677433013916,46.42916666666667,32.49583333333333
94,-8.669183731079102,46.42916666666667,34.9875
95,-8.398458480834961,46.52916666666667,37.82083333333333
96,-9.028857231140137,46.42916666666667,39.9875
97,-9.420178413391113,46.42916666666667,42.4875
98,-9.297220230102539,46.42916666666667,44.9875
99,-8.748313903808594,46.42916666666667,47.4875
100,-8.867851257324219,46.42916666666667,49.9875
101,-8.841032981872559,46.42916666666667,52.4875
102,-9.072168350219727,46.42916666666667,54.9875
103,-9.594535827636719,46.42916666666667,57.4875
104,-9.381790161132812,46.42916666666667,59.9875
105,-10.005315780639648,48.32083333333333,30.004166666666666
106,-9.862627983093262,48.32083333333333,32.49583333333333
107,-9.563104629516602,48.32083333333333,34.9875
108,-9.663348197937012,48.32083333333333,37.4875
109,-9.644253730773926,48.32083333333333,39.9875
110,-10.063596725463867,48.32083333333333,42.4875
111,-10.249482154846191,48.32083333333333,44.9875
112,-9.766827583312988,48.32083333333333,47.4875
113,-9.867682456970215,48.32083333333333,49.9875
114,-9.914546966552734,48.32083333333333,52.4875
115,-10.382887840270996,48.32083333333333,54.9875
116,-10.708117485046387,48.32083333333333,57.4875
117,-10.858412742614746,48.32083333333333,59.9875
118,-10.438484191894531,50.22083333333333,30.004166666666666
119,-10.48255443572998,50.22083333333333,32.49583333333333
120,-10.646808624267578,50.22083333333333,34.9875
121,-10.89812183380127,50.22083333333333,37.4875
122,-10.752580642700195,50.22083333333333,39.9875
123,-10.949410438537598,50.22083333333333,42.4875
124,-11.483558654785156,50.22083333333333,44.9875
125,-11.11177921295166,50.22083333333333,47.4875
126,-10.67672348022461,50.22083333333333,49.9875
127,-11.118480682373047,50.22083333333333,52.4875
128,-11.910472869873047,50.22083333333333,54.9875
129,-11.969941139221191,50.22083333333333,57.4875
130,-11.903802871704102,50.22083333333333,59.9875
131,-10.853075981140137,52.1125,30.004166666666666
132,-11.242703437805176,52.1125,32.49583333333333
133,-11.601811408996582,52.1125,34.9875
134,-11.935739517211914,52.1125,37.4875
135,-11.754803657531738,52.1125,39.9875
136,-11.807419776916504,52.1125,42.4875
137,-12.189727783203125,52.1125,44.9875
138,-11.898694038391113,52.1125,47.4875
139,-11.908469200134277,52.1125,49.9875
140,-12.040970802307129,52.1125,52.4875
141,-12.326695442199707,52.1125,54.9875
142,-12.602191925048828,52.1125,57.4875
143,-12.511360168457031,52.1125,59.9875
144,-11.442535400390625,54.0125,30.004166666666666
145,-11.880755424499512,54.0125,32.49583333333333
146,-12.1416597366333,54.0125,34.9875
147,-12.514582633972168,54.0125,37.4875
148,-12.175618171691895,54.0125,39.9875
149,-12.409090042114258,54.0125,42.4875
150,-12.729827880859375,54.0125,44.9875
151,-12.869202613830566,54.0125,47.4875
152,-12.462288856506348,54.0125,49.9875
153,-12.657453536987305,54.0125,52.4875
154,-12.439126968383789,54.0125,54.9875
155,-12.66901969909668,54.0125,57.4875
156,-12.656347274780273,54.0125,59.9875
157,-11.95205020904541,55.90416666666667,30.004166666666666
158,-12.297658920288086,55.90416666666667,32.49583333333333
159,-12.690226554870605,55.90416666666667,34.9875
160,-12.724749565124512,55.90416666666667,37.4875
161,-12.884800910949707,55.90416666666667,39.9875
162,-12.949043273925781,55.90416666666667,42.4875
163,-13.168937683105469,55.90416666666667,44.9875
164,-13.054865837097168,55.90416666666667,47.4875
165,-13.104429244995117,55.90416666666667,49.9875
166,-12.75484848022461,55.90416666666667,52.4875
167,-12.940539360046387,55.90416666666667,54.9875
168,-13.11263370513916,55.90416666666667,57.4875
169,-13.117351531982422,55.90416666666667,59.9875
170,-12.327613830566406,57.795833333333334,30.004166666666666
171,-12.739646911621094,57.795833333333334,32.49583333333333
172,-13.030526161193848,57.795833333333334,34.9875
173,-12.967708587646484,57.795833333333334,37.4875
174,-12.957695007324219,57.795833333333334,39.9875
175,-13.16236686706543,57.795833333333334,42.4875
176,-13.35145378112793,57.795833333333334,44.9875
177,-13.562765121459961,57.795833333333334,47.4875
178,-13.658198356628418,57.795833333333334,49.9875
179,-13.681376457214355,57.795833333333334,52.4875
180,-13.627872467041016,57.795833333333334,54.9875
181,-13.86275863647461,57.795833333333334,57.4875
182,-13.749545097351074,57.795833333333334,59.9875
183,-13.269915580749512,59.69583333333333,30.004166666666666
184,-13.329262733459473,59.69583333333333,32.49583333333333
185,-13.352987289428711,59.69583333333333,34.9875
186,-13.497857093811035,59.69583333333333,37.4875
187,-13.373677253723145,59.69583333333333,39.9875
188,-13.479089736938477,59.69583333333333,42.4875
189,-13.688283920288086,59.69583333333333,44.9875
190,-14.070301055908203,59.69583333333333,47.4875
191,-14.189408302307129,59.69583333333333,49.9875
192,-14.195204734802246,59.69583333333333,52.4875
193,-14.179323196411133,59.69583333333333,54.9875
194,-14.186988830566406,59.69583333333333,57.4875
195,-14.203441619873047,59.69583333333333,59.9875
0,-5.517100811004639,0.9541666666666657,30.004166666666666
1,-5.255858421325684,0.9541666666666657,32.49583333333333
2,-5.832594394683838,0.9541666666666657,34.9875
3,-4.185629367828369,0.9541666666666657,37.4875
4,-2.128788709640503,0.9541666666666657,39.9875
5,-1.805605411529541,0.9541666666666657,42.4875
6,-6.0135321617126465,2.854166666666668,30.004166666666666
7,-4.99361515045166,2.854166666666668,32.49583333333333
8,-3.5294711589813232,2.854166666666668,34.9875
9,-2.573004961013794,2.854166666666668,37.4875
10,-2.891152858734131,2.854166666666668,39.9875
11,-2.1690337657928467,2.854166666666668,42.4875
12,-2.0079336166381836,2.854166666666668,44.9875
13,-5.342381954193115,4.745833333333334,30.004166666666666
14,-3.921328067779541,4.745833333333334,32.49583333333333
15,-3.44698166847229,4.745833333333334,34.9875
16,-4.482902526855469,4.745833333333334,37.4875
17,-3.0995163917541504,4.745833333333334,39.9875
18,-2.246852397918701,4.745833333333334,42.4875
19,-2.2241294384002686,4.745833333333334,44.9875
20,-2.457144021987915,4.745833333333334,47.4875
21,-4.369198322296143,6.637499999999999,30.004166666666666
22,-4.327371597290039,6.637499999999999,32.49583333333333
23,-4.8368144035339355,6.637499999999999,34.9875
24,-5.3559184074401855,6.637499999999999,37.4875
25,-5.103198051452637,6.637499999999999,39.9875
26,-2.8105647563934326,6.637499999999999,42.4875
27,-2.7704384326934814,6.637499999999999,44.9875
28,-2.4811174869537354,6.637499999999999,47.4875
29,-4.1027727127075195,8.537500000000001,30.004166666666666
30,-4.4573283195495605,8.537500000000001,32.49583333333333
31,-6.190018177032471,8.537500000000001,34.9875
32,-6.894832134246826,8.537500000000001,37.4875
33,-5.032682418823242,8.537500000000001,39.9875
34,-4.14225435256958,8.537500000000001,42.4875
35,-3.279572010040283,8.537500000000001,44.9875
36,-2.8456878662109375,8.537500000000001,47.4875
37,-2.9509520530700684,8.537500000000001,49.9875
38,-3.8398470878601074,10.429166666666667,30.004166666666666
39,-4.1077561378479,10.429166666666667,32.49583333333333
40,-4.914461135864258,10.429166666666667,34.9875
41,-7.230067253112793,10.429166666666667,37.4875
42,-4.968688488006592,10.429166666666667,39.9875
43,-3.47959303855896,10.429166666666667,42.4875
44,-2.240399122238159,10.429166666666667,44.99583333333334
45,-3.9084432125091553,10.429166666666667,47.4875
46,-2.9974215030670166,10.429166666666667,49.9875
47,-3.5967047214508057,12.320833333333333,30.004166666666666
48,-3.4643561840057373,12.320833333333333,32.49583333333333
49,-3.955533504486084,12.320833333333333,34.9875
50,-6.015052795410156,12.320833333333333,37.4875
51,-3.566025972366333,12.320833333333333,39.9875
52,-3.0223944187164307,12.320833333333333,42.4875
53,-2.7143354415893555,12.729166666666668,44.8625
54,-3.1864829063415527,12.195833333333333,52.3875
55,-2.859423875808716,14.220833333333333,30.004166666666666
56,-2.8801987171173096,14.220833333333333,32.49583333333333
57,-3.385834217071533,14.220833333333333,34.9875
58,-4.000088691711426,14.220833333333333,37.4875
59,-3.5451083183288574,14.220833333333333,39.9875
60,-2.627668857574463,14.0375,42.704166666666666
61,-4.443249702453613,14.220833333333333,44.9875
62,-3.4350526332855225,14.220833333333333,47.4875
63,-2.3422653675079346,16.1125,30.004166666666666
64,-2.4112908840179443,16.1125,32.49583333333333
65,-2.6792829036712646,16.1125,34.9875
66,-3.1173150539398193,16.1125,37.4875
67,-2.1427807807922363,16.09583333333333,39.9875
68,-2.483487129211426,16.09583333333333,42.4125
69,-3.0593795776367188,16.1125,44.9875
70,-2.6563286781311035,16.1125,47.4875
71,-2.9025440216064453,16.1125,49.9875
72,-3.185746669769287,16.245833333333334,52.27083333333333
73,-1.9282584190368652,18.0125,30.004166666666666
74,-2.256409168243408,18.0125,32.49583333333333
75,-2.462390184402466,18.0125,34.9875
76,-2.663942575454712,18.0125,37.4875
77,-3.0058226585388184,18.0125,42.4875
78,-2.5393521785736084,18.0125,44.9875
79,-2.057922124862671,18.0125,47.4875
80,-2.118877649307251,18.0125,49.9875
81,-2.69958758354187,18.0125,52.4875
82,-3.6847808361053467,18.0125,54.9875
83,-1.9075208902359009,19.90416666666667,30.004166666666666
84,-2.067059278488159,19.90416666666667,32.49583333333333
85,-2.581103563308716,19.90416666666667,34.9875
86,-2.325860023498535,19.8375,37.2625
87,-2.362743854522705,19.929166666666667,39.9375
88,-3.190702438354492,19.90416666666667,42.4875
89,-2.1577811241149902,19.90416666666667,44.9875
90,-1.8423941135406494,19.90416666666667,47.4875
91,-1.7633932828903198,19.90416666666667,49.9875
92,-2.1328864097595215,19.90416666666667,52.4875
93,-2.886795997619629,19.90416666666667,54.9875
94,-3.6837034225463867,19.90416666666667,57.4875
95,-2.336723804473877,21.795833333333334,30.004166666666666
96,-2.6044609546661377,21.795833333333334,32.49583333333333
97,-3.045621871948242,21.795833333333334,34.9875
98,-2.491330862045288,21.795833333333334,39.9875
99,-2.622683048248291,21.795833333333334,42.4875
100,-2.2987935543060303,21.795833333333334,44.9875
101,-1.8970662355422974,21.795833333333334,47.4875
102,-1.7426743507385254,21.795833333333334,49.9875
103,-1.9821765422821045,21.795833333333334,52.4875
104,-2.165214776992798,21.795833333333334,54.9875
105,-2.9164438247680664,21.795833333333334,57.4875
106,-3.3505876064300537,21.9375,59.64583333333333
107,-2.5880231857299805,23.695833333333333,30.004166666666666
108,-2.4130187034606934,23.695833333333333,32.49583333333333
109,-3.3181679248809814,23.695833333333333,34.9875
110,-3.808098077774048,23.695833333333333,39.9875
111,-2.8253045082092285,23.695833333333333,42.4875
112,-2.617842197418213,23.695833333333333,44.9875
113,-2.1602444648742676,23.695833333333333,47.4875
114,-1.9266051054000854,23.695833333333333,49.9875
115,-2.1073334217071533,23.695833333333333,52.4875
116,-2.167572259902954,23.695833333333333,54.9875
117,-2.624939441680908,23.695833333333333,57.4875
118,-4.008028507232666,25.5875,30.004166666666666
119,-2.7474348545074463,25.5875,32.49583333333333
120,-2.643967390060425,25.4875,34.670833333333334
121,-3.2794253826141357,25.5875,37.4875
122,-5.925112724304199,25.5875,39.9875
123,-3.064528703689575,25.5875,42.4875
124,-2.9370310306549072,25.5875,44.9875
125,-2.4426767826080322,25.5875,47.4875
126,-2.2385013103485107,25.5875,49.9875
127,-1.9734625816345215,25.670833333333334,52.4125
128,-1.7833889722824097,25.8625,55.02916666666667
129,-1.8950921297073364,25.745833333333334,57.50416666666666
130,-1.996901035308838,25.5875,59.9875
131,-3.5018017292022705,27.479166666666668,30.004166666666666
132,-4.247187614440918,27.479166666666668,32.49583333333333
133,-3.0381710529327393,27.770833333333332,35.145833333333336
134,-5.637237548828125,27.479166666666668,37.4875
135,-5.223143100738525,27.479166666666668,39.9875
136,-4.231199264526367,27.479166666666668,42.4875
137,-2.9472711086273193,27.479166666666668,44.9875
138,-2.543236255645752,27.479166666666668,47.4875
139,-2.6761908531188965,27.72083333333333,49.829166666666666
140,-1.7858012914657593,27.504166666666666,52.579166666666666
141,-1.947596549987793,27.479166666666668,54.9875
142,-1.424783706665039,27.479166666666668,57.4875
143,-1.0878314971923828,27.479166666666668,59.9875
144,-4.2478203773498535,29.379166666666666,30.004166666666666
145,-5.140555381774902,29.379166666666666,32.49583333333333
146,-3.87910532951355,29.379166666666666,34.9875
147,-5.341977119445801,29.379166666666666,37.4875
148,-4.6538496017456055,29.379166666666666,39.9875
149,-4.067421913146973,29.379166666666666,42.4875
150,-3.1976051330566406,29.379166666666666,44.9875
151,-2.8097035884857178,29.379166666666666,47.4875
152,-2.683091640472412,29.270833333333332,50.2875
153,-6.023364067077637,29.379166666666666,52.4875
154,-5.723818302154541,29.379166666666666,54.9875
155,-6.018982410430908,29.379166666666666,57.4875
156,-4.543839454650879,29.379166666666666,59.9875
0,-7.6446852684021,-29.3625,30.004166666666666
1,-8.231075286865234,-27.4625,30.004166666666666
2,-4.2569684982299805,-27.4625,32.49583333333333
3,-8.035603523254395,-25.570833333333333,30.004166666666666
4,-3.870680332183838,-25.570833333333333,32.49583333333333
5,-3.6226251125335693,-25.495833333333334,45.020833333333336
6,-5.3817267417907715,-23.679166666666667,30.004166666666666
7,-3.593620777130127,-23.679166666666667,32.49583333333333
8,-3.6681900024414062,-23.679166666666667,34.9875
9,-4.491512298583984,-23.679166666666667,44.9875
10,-3.1870381832122803,-23.679166666666667,47.4875
11,-4.697272777557373,-21.779166666666665,30.004166666666666
12,-3.8588173389434814,-21.779166666666665,32.49583333333333
13,-3.296571969985962,-21.779166666666665,34.9875
14,-4.191282272338867,-21.779166666666665,44.9875
15,-3.5218799114227295,-21.779166666666665,47.4875
16,-5.749753475189209,-19.8875,30.004166666666666
17,-5.673706531524658,-19.8875,32.49583333333333
18,-3.068488836288452,-19.8125,34.9375
19,-3.9664573669433594,-19.8875,44.9875
20,-6.9841461181640625,-19.8875,47.4875
21,-5.809159755706787,-17.9875,30.004166666666666
22,-5.94351863861084,-17.9875,32.49583333333333
23,-3.379591703414917,-17.9875,34.9875
24,-3.1165690422058105,-17.6875,37.32083333333333
25,-3.749833583831787,-17.9875,44.9875
26,-4.703808784484863,-17.9875,47.4875
27,-4.6325907707214355,-16.09583333333333,30.004166666666666
28,-4.719012260437012,-16.09583333333333,32.49583333333333
29,-4.595196723937988,-16.09583333333333,34.9875
30,-3.9890122413635254,-16.09583333333333,37.4875
31,-3.1555821895599365,-16.09583333333333,39.9875
32,-3.2239246368408203,-16.120833333333334,45.020833333333336
33,-3.129607677459717,-16.09583333333333,47.4875
34,-3.1404659748077393,-16.204166666666666,49.8625
35,-4.999155044555664,-14.204166666666666,30.004166666666666
36,-5.766966342926025,-14.204166666666666,32.49583333333333
37,-4.746027946472168,-14.204166666666666,34.9875
38,-4.390347480773926,-14.204166666666666,37.4875
39,-3.6063244342803955,-14.204166666666666,39.9875
40,-2.9437789916992188,-14.362499999999999,47.6375
41,-3.142296314239502,-14.204166666666666,49.99583333333334
42,-5.92315673828125,-12.304166666666667,30.004166666666666
43,-5.159852027893066,-12.304166666666667,32.49583333333333
44,-4.876279354095459,-12.304166666666667,34.9875
45,-3.936073064804077,-12.304166666666667,37.4875
46,-3.6257190704345703,-12.304166666666667,39.9875
47,-3.0873119831085205,-12.4125,49.55416666666667
48,-5.943572044372559,-10.4125,30.004166666666666
49,-6.431188583374023,-10.4125,32.49583333333333
50,-5.046818256378174,-10.4125,34.9875
51,-4.660240650177002,-10.4125,37.4875
52,-3.125290632247925,-10.4125,39.9875
53,-5.754824161529541,-8.520833333333334,30.004166666666666
54,-5.482963562011719,-8.520833333333334,32.49583333333333
55,-6.705921649932861,-8.520833333333334,34.9875
56,-3.3727867603302,-8.520833333333334,37.4875
57,-5.426362991333008,-6.620833333333334,30.004166666666666
58,-5.720095634460449,-6.620833333333334,32.49583333333333
59,-5.352957248687744,-6.620833333333334,34.9875
60,-3.598125696182251,-6.620833333333334,37.4875
61,-6.1814165115356445,-4.729166666666667,30.004166666666666
62,-5.553326606750488,-4.729166666666667,32.49583333333333
63,-6.431039810180664,-4.729166666666667,34.9875
64,-4.731029510498047,-4.729166666666667,37.4875
65,-2.0772738456726074,-4.895833333333333,39.87083333333334
66,-6.864136219024658,-2.8375,30.004166666666666
67,-5.694137096405029,-2.8375,32.49583333333333
68,-6.231726169586182,-2.8375,34.9875
69,-4.979018688201904,-2.8375,37.4875
70,-2.2135305404663086,-2.8375,39.9875
71,-6.77949333190918,-0.9375,30.004166666666666
72,-5.02145528793335,-0.9375,32.49583333333333
73,-6.142096519470215,-0.9375,34.9875
74,-3.9916672706604004,-0.9375,37.4875
75,-2.042940616607666,-0.9375,39.9875
76,-1.7877219915390015,-0.7291666666666666,42.27916666666667
0,-5.171257972717285,-31.254166666666666,30.004166666666666
0,-15.186610221862793,61.587500000000006,60.00416666666667
1,-15.20524787902832,61.587500000000006,62.49583333333333
2,-15.422764778137207,61.587500000000006,64.9875
3,-15.385157585144043,61.587500000000006,67.4875
4,-15.468162536621094,61.587500000000006,69.99583333333334
5,-15.48581314086914,61.587500000000006,72.4875
6,-15.388026237487793,61.587500000000006,74.9875
7,-15.890487670898438,61.587500000000006,77.4875
8,-15.843323707580566,61.587500000000006,79.99583333333334
9,-16.06475257873535,61.587500000000006,82.4875
10,-16.22735595703125,61.587500000000006,84.9875
11,-16.12446403503418,61.587500000000006,87.4875
12,-16.027637481689453,61.587500000000006,89.9875
13,-15.658882141113281,63.47916666666667,60.00416666666667
14,-15.646952629089355,63.47916666666667,62.49583333333333
15,-15.928123474121094,63.47916666666667,64.9875
16,-16.143117904663086,63.47916666666667,67.4875
17,-16.491579055786133,63.47916666666667,69.99583333333334
18,-16.481876373291016,63.47916666666667,72.4875
19,-16.35327911376953,63.47916666666667,74.9875
20,-16.452238082885742,63.47916666666667,77.4875
21,-16.544130325317383,63.47916666666667,79.99583333333334
22,-16.63549041748047,63.47916666666667,82.4875
23,-16.89663314819336,63.47916666666667,84.9875
24,-16.684932708740234,63.47916666666667,87.4875
25,-17.738807678222656,63.47916666666667,89.9875
26,-17.249937057495117,65.37916666666666,60.00416666666667
27,-16.38862419128418,65.37916666666666,62.49583333333333
28,-16.441099166870117,65.37916666666666,64.9875
29,-16.843652725219727,65.37916666666666,67.4875
30,-17.224153518676758,65.37916666666666,69.99583333333334
31,-17.468313217163086,65.37916666666666,72.4875
32,-17.300575256347656,65.37916666666666,74.9875
33,-17.167234420776367,65.37916666666666,77.4875
34,-17.225828170776367,65.37916666666666,79.99583333333334
35,-17.31775665283203,65.37916666666666,82.4875
36,-17.73550033569336,65.37916666666666,84.9875
37,-17.55409049987793,65.37916666666666,87.4875
38,-18.079477310180664,65.37916666666666,89.9875
39,-16.213407516479492,67.27083333333333,60.00416666666667
40,-16.308391571044922,67.27083333333333,62.49583333333333
41,-16.64876937866211,67.27083333333333,64.9875
42,-17.092872619628906,67.27083333333333,67.4875
43,-17.3310604095459,67.27083333333333,69.99583333333334
44,-18.153535842895508,67.32083333333333,72.40416666666667
45,-17.600658416748047,67.27083333333333,74.9875
46,-17.579303741455078,67.27083333333333,77.4875
47,-17.777009963989258,67.27083333333333,79.99583333333334
48,-17.914926528930664,67.27083333333333,82.4875
49,-18.119861602783203,67.27083333333333,84.9875
50,-17.88937759399414,67.27083333333333,87.4875
51,-18.854421615600586,67.27083333333333,89.9875
52,-16.37710952758789,69.15416666666667,60.645833333333336
53,-16.984867095947266,69.1625,62.49583333333333
54,-17.04814338684082,69.1625,64.9875
55,-17.178546905517578,69.35416666666667,67.17083333333333
56,-17.449899673461914,69.1625,69.99583333333334
57,-18.160112380981445,69.15416666666667,72.47916666666667
58,-17.6939697265625,69.1625,74.9875
59,-17.885358810424805,69.1625,77.4875
60,-18.191959381103516,69.1625,79.99583333333334
61,-18.344772338867188,69.1625,82.4875
62,-18.469558715820312,69.1625,84.9875
63,-18.564884185791016,69.1625,87.4875
64,-19.199132919311523,69.1625,89.9875
65,-17.613611221313477,71.0625,67.4875
66,-17.780851364135742,71.0625,69.99583333333334
67,-18.254911422729492,71.0625,72.4875
68,-17.888429641723633,71.0625,74.9875
69,-18.209562301635742,71.0625,77.4875
70,-18.428531646728516,71.0625,79.99583333333334
71,-18.46198272705078,71.0625,82.32916666666667
72,-18.88335418701172,71.0625,84.9875
73,-18.973648071289062,71.0625,87.4875
74,-19.123085021972656,71.0625,89.9875
75,-18.031740188598633,72.9375,69.8125
76,-18.478710174560547,72.80416666666667,72.17916666666667
77,-18.43349266052246,72.87083333333334,74.9875
78,-18.580907821655273,73.12916666666666,76.6875
79,-18.633352279663086,72.92083333333333,79.52083333333333
80,-19.03875732421875,72.95416666666667,82.4875
81,-18.878437042236328,72.95416666666667,84.9875
82,-19.098814010620117,72.95416666666667,87.4875
83,-19.38424301147461,72.95416666666667,89.9875
84,-17.216236114501953,74.85416666666667,60.00416666666667
85,-18.01519012451172,75.07083333333333,82.12916666666666
86,-19.005693435668945,74.80416666666667,85.24583333333334
87,-19.303892135620117,74.85416666666667,87.4875
88,-19.623634338378906,74.85416666666667,89.9875
89,-17.196577072143555,76.65416666666667,65.82083333333333
90,-18.678144454956055,76.74583333333334,67.4875
91,-17.73682403564453,76.70416666666667,69.0625
92,-18.605806350708008,80.5375,60.00416666666667
93,-15.483973503112793,80.5875,61.979166666666664
0,-4.8239946365356445,31.270833333333332,60.00416666666667
1,-2.4790191650390625,31.270833333333332,62.49583333333333
2,-3.8923349380493164,31.270833333333332,64.9875
3,-7.681326866149902,31.270833333333332,67.4875
4,-9.356410026550293,31.270833333333332,69.9875
5,-4.220767974853516,31.270833333333332,72.4875
6,-4.263279914855957,31.270833333333332,74.9875
7,-8.139698028564453,31.270833333333332,77.4875
8,-12.72966194152832,31.270833333333332,79.9875
9,-13.058770179748535,31.270833333333332,82.4875
10,-10.880782127380371,31.270833333333332,84.9875
11,-11.732314109802246,31.270833333333332,87.4875
12,-13.057331085205078,31.270833333333332,89.9875
13,-6.034339904785156,33.1625,60.00416666666667
14,-4.406151294708252,33.1625,62.49583333333333
15,-8.150201797485352,33.1625,64.9875
16,-9.766705513000488,33.1625,67.4875
17,-6.598982810974121,33.1625,69.9875
18,-4.355526447296143,33.1625,72.4875
19,-5.605191230773926,33.1625,74.9875
20,-12.611448287963867,33.1625,77.4875
21,-11.260895729064941,33.1625,79.9875
22,-12.465764999389648,33.1625,82.4875
23,-13.412859916687012,33.1625,84.9875
24,-12.701261520385742,33.1625,87.4875
25,-12.9987154006958,33.1625,89.9875
26,-6.810910701751709,35.0625,60.00416666666667
27,-4.577579975128174,35.0625,62.49583333333333
28,-10.608317375183105,35.0625,64.9875
29,-11.419515609741211,35.0625,67.4875
30,-11.165736198425293,35.0625,69.9875
31,-6.135011196136475,35.0625,72.4875
32,-12.671780586242676,35.0625,74.9875
33,-14.522682189941406,35.0625,77.4875
34,-11.703038215637207,35.0625,79.9875
35,-12.580160140991211,35.0625,82.4875
36,-11.654953002929688,35.0625,84.9875
37,-11.714554786682129,35.0625,87.4875
38,-12.719367980957031,35.0625,89.9875
39,-6.773002624511719,36.954166666666666,60.00416666666667
40,-5.1164445877075195,36.954166666666666,62.49583333333333
41,-5.373367786407471,36.954166666666666,64.9875
42,-5.2963175773620605,36.954166666666666,67.4875
43,-7.400707721710205,36.954166666666666,69.9875
44,-12.901395797729492,36.954166666666666,72.4875
45,-13.215131759643555,36.954166666666666,74.9875
46,-11.697718620300293,36.954166666666666,77.4875
47,-7.42213773727417,36.954166666666666,79.9875
48,-6.903703689575195,36.954166666666666,82.4875
49,-10.716134071350098,36.954166666666666,84.9875
50,-11.016202926635742,36.954166666666666,87.4875
51,-10.642315864562988,36.954166666666666,89.9875
52,-6.109999179840088,38.85416666666667,60.00416666666667
53,-6.266963958740234,38.85416666666667,62.49583333333333
54,-6.37261438369751,38.85416666666667,64.9875
55,-14.005402565002441,38.85416666666667,67.4875
56,-8.881810188293457,38.85416666666667,69.9875
57,-16.216611862182617,38.85416666666667,72.4875
58,-13.715070724487305,38.85416666666667,74.9875
59,-9.105172157287598,38.85416666666667,77.4875
60,-8.962409973144531,38.85416666666667,79.9875
61,-8.483381271362305,38.85416666666667,82.4875
62,-8.272214889526367,38.85416666666667,84.9875
63,-7.938823699951172,38.85416666666667,87.4875
64,-11.9321870803833,38.85416666666667,89.9875
65,-6.902519226074219,40.74583333333334,60.00416666666667
66,-6.449598789215088,40.74583333333334,62.49583333333333
67,-6.826271057128906,40.74583333333334,64.9875
68,-7.510468006134033,40.74583333333334,67.4875
69,-11.368206024169922,40.74583333333334,69.9875
70,-7.699680805206299,40.74583333333334,72.4875
71,-13.567317962646484,40.74583333333334,74.9875
72,-11.404986381530762,40.74583333333334,77.4875
73,-8.588753700256348,40.74583333333334,79.9875
74,-8.288825988769531,40.74583333333334,82.4875
75,-8.500638008117676,40.74583333333334,84.9875
76,-8.355172157287598,40.74583333333334,87.4875
77,-8.099279403686523,40.74583333333334,89.9875
78,-7.682828426361084,42.6375,60.00416666666667
79,-7.003161430358887,42.6375,62.49583333333333
80,-7.515214920043945,42.6375,64.9875
81,-7.94906759262085,42.6375,67.4875
82,-9.116833686828613,42.6375,69.9875
83,-13.718432426452637,42.6375,72.4875
84,-11.640419006347656,42.6375,74.9875
85,-10.845175743103027,42.6375,77.4875
86,-11.843462944030762,42.6375,79.9875
87,-14.64396858215332,42.6375,82.4875
88,-15.750181198120117,42.6375,84.9875
89,-12.197784423828125,42.6375,87.4875
90,-7.436976909637451,42.6375,89.9875
91,-8.67310619354248,44.5375,60.00416666666667
92,-8.846161842346191,44.5375,62.49583333333333
93,-8.633492469787598,44.5375,64.9875
94,-8.884777069091797,44.5375,67.4875
95,-9.161234855651855,44.5375,69.9875
96,-9.78565502166748,44.5375,72.4875
97,-10.172728538513184,44.5375,74.9875
98,-10.653206825256348,44.5375,77.4875
99,-14.03465747833252,44.5375,79.9875
100,-9.545884132385254,44.5375,82.4875
101,-9.72158145904541,44.5375,84.9875
102,-9.499419212341309,44.5375,87.4875
103,-9.251089096069336,44.5375,89.9875
104,-9.41574478149414,46.42916666666667,60.00416666666667
105,-9.675802230834961,46.42916666666667,62.49583333333333
106,-9.399250030517578,46.42916666666667,64.9875
107,-9.507431030273438,46.42916666666667,67.4875
108,-10.045987129211426,46.42916666666667,69.9875
109,-10.847155570983887,46.42916666666667,72.4875
110,-10.634479522705078,46.42916666666667,74.9875
111,-10.29295825958252,46.42916666666667,77.4875
112,-10.531845092773438,46.42916666666667,79.9875
113,-10.265579223632812,46.42916666666667,82.4875
114,-10.92770767211914,46.42916666666667,84.9875
115,-10.213334083557129,46.42916666666667,87.4875
116,-10.285722732543945,46.42916666666667,89.9875
117,-10.877087593078613,48.32083333333333,60.00416666666667
118,-10.650679588317871,48.32083333333333,62.49583333333333
119,-10.480387687683105,48.32083333333333,64.9875
120,-10.85788631439209,48.32083333333333,67.4875
121,-10.771390914916992,48.32083333333333,69.9875
122,-11.65951156616211,48.32083333333333,72.4875
123,-12.407393455505371,48.32083333333333,74.9875
124,-12.384364128112793,48.32083333333333,77.4875
125,-12.141819953918457,48.32083333333333,79.9875
126,-12.18137264251709,48.32083333333333,82.4875
127,-12.508926391601562,48.32083333333333,84.9875
128,-14.985498428344727,48.32083333333333,87.4875
129,-16.75836944580078,48.32083333333333,89.9875
130,-11.899141311645508,50.22083333333333,60.00416666666667
131,-11.758745193481445,50.22083333333333,62.49583333333333
132,-11.620779991149902,50.22083333333333,64.9875
133,-12.046363830566406,50.22083333333333,67.4875
134,-11.901449203491211,50.22083333333333,69.9875
135,-12.517074584960938,50.22083333333333,72.4875
136,-12.443021774291992,50.22083333333333,74.9875
137,-11.482884407043457,50.22083333333333,77.4875
138,-11.747790336608887,50.22083333333333,79.9875
139,-13.024092674255371,50.22083333333333,82.4875
140,-16.01950454711914,50.22083333333333,84.9875
141,-16.895206451416016,50.22083333333333,87.4875
142,-17.69376564025879,50.22083333333333,89.9875
143,-12.51562786102295,52.1125,60.00416666666667
144,-12.299881935119629,52.1125,62.49583333333333
145,-12.52907657623291,52.1125,64.9875
146,-12.748845100402832,52.1125,67.4875
147,-12.457188606262207,52.1125,69.9875
148,-12.214471817016602,52.1125,72.4875
149,-12.018068313598633,52.1125,74.9875
150,-12.301478385925293,52.1125,77.4875
151,-12.804532051086426,52.1125,79.9875
152,-12.353899955749512,52.1125,82.4875
153,-12.25960636138916,52.1125,84.9875
154,-12.673665046691895,52.1125,87.4875
155,-16.58881378173828,52.1125,89.9875
156,-12.646872520446777,54.0125,60.00416666666667
157,-12.518485069274902,54.0125,62.49583333333333
158,-12.674324035644531,54.0125,64.9875
159,-12.597652435302734,54.0125,67.4875
160,-12.800947189331055,54.0125,69.9875
161,-12.899333000183105,54.0125,72.4875
162,-12.951667785644531,54.0125,74.9875
163,-13.304362297058105,54.0125,77.4875
164,-13.611358642578125,54.0125,79.9875
165,-13.760315895080566,54.0125,82.4875
166,-13.89107894897461,54.0125,84.9875
167,-13.751742362976074,54.0125,87.4875
168,-15.729640007019043,54.0125,89.9875
169,-13.163490295410156,55.90416666666667,60.00416666666667
170,-12.98621940612793,55.90416666666667,62.49583333333333
171,-13.20630168914795,55.90416666666667,64.9875
172,-13.234766006469727,55.90416666666667,67.4875
173,-13.546061515808105,55.90416666666667,69.9875
174,-13.683723449707031,55.90416666666667,72.4875
175,-14.011433601379395,55.90416666666667,74.9875
176,-13.922272682189941,55.90416666666667,77.4875
177,-13.734737396240234,55.90416666666667,79.9875
178,-13.885492324829102,55.90416666666667,82.4875
179,-13.949356079101562,55.90416666666667,84.9875
180,-14.185063362121582,55.90416666666667,87.4875
181,-14.369348526000977,55.90416666666667,89.9875
182,-13.726820945739746,57.795833333333334,60.00416666666667
183,-13.62384033203125,57.795833333333334,62.49583333333333
184,-13.829747200012207,57.795833333333334,64.9875
185,-13.838499069213867,57.795833333333334,67.4875
186,-13.907320976257324,57.795833333333334,69.9875
187,-14.219435691833496,57.795833333333334,72.4875
188,-14.541091918945312,57.795833333333334,74.9875
189,-14.496190071105957,57.795833333333334,77.4875
190,-14.567702293395996,57.795833333333334,79.9875
191,-14.658669471740723,57.795833333333334,82.4875
192,-14.846000671386719,57.795833333333334,84.9875
193,-14.945609092712402,57.795833333333334,87.4875
194,-14.758779525756836,57.795833333333334,89.9875
195,-14.201725006103516,59.69583333333333,60.00416666666667
196,-14.127293586730957,59.69583333333333,62.49583333333333
197,-14.280025482177734,59.69583333333333,64.9875
198,-14.472020149230957,59.69583333333333,67.4875
199,-14.558633804321289,59.69583333333333,69.9875
200,-14.702619552612305,59.69583333333333,72.4875
201,-14.843452453613281,59.69583333333333,74.9875
202,-15.123360633850098,59.69583333333333,77.4875
203,-15.34282398223877,59.69583333333333,79.9875
204,-15.795188903808594,59.69583333333333,82.4875
205,-15.868570327758789,59.69583333333333,84.9875
206,-15.654061317443848,59.69583333333333,87.4875
207,-15.295010566711426,59.69583333333333,89.9875
0,-3.4195172786712646,6.637499999999999,79.9875
1,-4.170461654663086,8.537500000000001,77.4875
2,-3.4461841583251953,8.537500000000001,79.9875
3,-4.248411655426025,10.429166666666667,77.4875
4,-3.0056047439575195,10.420833333333334,79.8625
5,-2.515347480773926,12.329166666666666,75.07083333333333
6,-4.296802997589111,12.320833333333333,77.4875
7,-3.214479684829712,12.320833333333333,79.9875
8,-3.160011053085327,14.220833333333333,74.9875
9,-4.384309768676758,14.220833333333333,77.4875
10,-3.4550020694732666,14.220833333333333,79.9875
11,-4.089442253112793,16.1125,74.9875
12,-4.2064127922058105,16.1125,77.4875
13,-3.9821338653564453,16.1125,79.9875
14,-4.200431823730469,18.0125,74.9875
15,-4.01689338684082,18.0125,77.4875
16,-4.157843589782715,18.0125,79.9875
17,-5.152773857116699,18.0125,82.4875
18,-2.380347967147827,19.854166666666664,72.65416666666667
19,-4.016017436981201,19.90416666666667,74.9875
20,-3.954655885696411,19.90416666666667,77.4875
21,-4.203817844390869,19.90416666666667,79.9875
22,-4.747053623199463,19.90416666666667,82.4875
23,-5.104358196258545,19.90416666666667,84.9875
24,-2.779693365097046,21.795833333333334,69.9875
25,-3.283712387084961,21.7875,72.55416666666667
26,-3.7183077335357666,21.795833333333334,74.9875
27,-4.001607418060303,21.795833333333334,77.4875
28,-4.133866786956787,21.795833333333334,79.9875
29,-4.321828842163086,21.795833333333334,82.4875
30,-4.721170425415039,21.795833333333334,84.9875
31,-5.250690937042236,21.795833333333334,87.4875
32,-4.696503639221191,21.804166666666667,89.85416666666667
33,-3.281029462814331,23.820833333333333,67.65416666666667
34,-3.3090147972106934,23.695833333333333,69.9875
35,-3.2525696754455566,23.695833333333333,72.4875
36,-3.6250908374786377,23.695833333333333,74.9875
37,-3.940967082977295,23.695833333333333,77.4875
38,-4.361056804656982,23.695833333333333,79.9875
39,-4.922933101654053,23.695833333333333,82.4875
40,-5.2769694328308105,23.695833333333333,84.9875
41,-5.616034984588623,23.695833333333333,87.4875
42,-6.034832000732422,23.695833333333333,89.9875
43,-1.9969080686569214,25.5875,60.00416666666667
44,-2.07301664352417,25.5875,62.49583333333333
45,-2.399827003479004,25.5875,64.9875
46,-2.8310301303863525,25.5875,67.4875
47,-3.070566415786743,25.5875,69.9875
48,-3.335395574569702,25.5875,72.4875
49,-3.582815647125244,25.5875,74.9875
50,-4.02736234664917,25.5875,77.4875
51,-4.054969310760498,25.5875,79.9875
52,-4.425192356109619,25.5875,82.4875
53,-4.957645416259766,25.5875,84.9875
54,-5.779844760894775,25.5875,87.4875
55,-5.516481876373291,25.5875,89.9875
56,-1.0868992805480957,27.479166666666668,60.00416666666667
57,-2.3930578231811523,27.479166666666668,62.49583333333333
58,-3.9344663619995117,27.479166666666668,64.9875
59,-2.367724657058716,27.479166666666668,67.4875
60,-2.97503662109375,27.479166666666668,69.9875
61,-3.2809572219848633,27.479166666666668,72.4875
62,-3.6150238513946533,27.479166666666668,74.9875
63,-3.9722769260406494,27.479166666666668,77.4875
64,-4.2511820793151855,27.479166666666668,79.9875
65,-4.621071815490723,27.479166666666668,82.4875
66,-5.817448139190674,27.479166666666668,84.9875
67,-13.226215362548828,27.479166666666668,87.4875
68,-9.41092300415039,27.479166666666668,89.9875
69,-4.856105327606201,29.379166666666666,60.00416666666667
70,-2.2014260292053223,29.379166666666666,62.49583333333333
71,-2.4087038040161133,29.379166666666666,64.9875
72,-2.3946638107299805,29.379166666666666,67.4875
73,-3.298567056655884,29.379166666666666,69.9875
74,-3.7756166458129883,29.379166666666666,72.4875
75,-3.9482264518737793,29.379166666666666,74.9875
76,-4.48751974105835,29.379166666666666,77.4875
77,-6.758143901824951,29.379166666666666,79.9875
78,-12.219188690185547,29.379166666666666,82.4875
79,-11.599502563476562,29.379166666666666,84.9875
80,-11.61203670501709,29.379166666666666,87.4875
81,-13.350958824157715,29.379166666666666,89.9875
0,-16.022926330566406,61.587500000000006,90.00416666666666
1,-17.302879333496094,61.587500000000006,92.4875
2,-17.719493865966797,61.587500000000006,94.99583333333334
3,-18.057615280151367,61.587500000000006,97.4875
4,-17.22795295715332,61.587500000000006,99.9875
5,-17.86420249938965,61.587500000000006,102.4875
6,-18.094572067260742,61.587500000000006,104.9875
7,-17.787357330322266,61.587500000000006,107.4875
8,-17.388559341430664,61.587500000000006,109.9875
9,-17.031192779541016,61.587500000000006,112.4875
10,-17.291053771972656,61.587500000000006,114.9875
11,-17.435861587524414,61.587500000000006,117.4875
12,-17.760114669799805,61.587500000000006,119.9875
13,-17.707487106323242,63.47916666666667,90.00416666666666
14,-18.31292152404785,63.47916666666667,92.4875
15,-18.293447494506836,63.47916666666667,94.99583333333334
16,-19.025938034057617,63.47916666666667,97.4875
17,-18.68022918701172,63.47916666666667,99.9875
18,-18.879852294921875,63.47916666666667,102.4875
19,-18.813753128051758,63.47916666666667,104.9875
20,-18.520689010620117,63.47916666666667,107.4875
21,-17.923110961914062,63.47916666666667,109.9875
22,-17.8309268951416,63.47916666666667,112.4875
23,-18.381452560424805,63.47916666666667,114.9875
24,-18.72200584411621,63.47916666666667,117.4875
25,-18.505504608154297,63.47916666666667,119.9875
26,-18.183137893676758,65.37916666666666,90.00416666666666
27,-18.91413688659668,65.37916666666666,92.4875
28,-18.800752639770508,65.37916666666666,94.99583333333334
29,-19.0957088470459,65.37916666666666,97.4875
30,-19.529788970947266,65.37916666666666,99.9875
31,-19.91037368774414,65.37916666666666,102.4875
32,-20.27055549621582,65.37916666666666,104.9875
33,-19.58553695678711,65.37916666666666,107.4875
34,-19.096481323242188,65.37916666666666,109.9875
35,-19.190210342407227,65.37916666666666,112.4875
36,-19.349712371826172,65.37916666666666,114.9875
37,-19.837255477905273,65.37916666666666,117.4875
38,-19.42734146118164,65.37916666666666,119.9875
39,-18.9229679107666,67.27083333333333,90.00416666666666
40,-19.083518981933594,67.27083333333333,92.4875
41,-19.438751220703125,67.27083333333333,94.99583333333334
42,-19.908720016479492,67.27083333333333,97.4875
43,-19.566123962402344,67.27083333333333,99.9875
44,-20.12347412109375,67.27083333333333,102.4875
45,-20.446243286132812,67.27083333333333,104.9875
46,-19.80409049987793,67.27083333333333,107.4875
47,-19.24073600769043,67.27083333333333,109.9875
48,-19.416095733642578,67.27083333333333,112.4875
49,-19.876928329467773,67.27083333333333,114.9875
50,-20.2701473236084,67.27083333333333,117.4875
51,-20.253803253173828,67.27083333333333,119.9875
52,-19.057226181030273,69.1625,90.00416666666666
53,-19.951942443847656,69.1625,92.4875
54,-20.622417449951172,69.1625,94.99583333333334
55,-20.55435562133789,69.1625,97.4875
56,-19.92508316040039,69.1625,99.9875
57,-20.20500373840332,69.1625,102.4875
58,-20.368961334228516,69.1625,104.9875
59,-20.372949600219727,69.1625,107.4875
60,-20.07602310180664,69.1625,109.9875
61,-19.84050750732422,69.1625,112.4875
62,-20.078340530395508,69.1625,114.9875
63,-20.42801284790039,69.1625,117.4875
64,-20.604854583740234,69.1625,119.9875
65,-19.108720779418945,71.0625,90.00416666666666
66,-19.091442108154297,71.0625,92.4875
67,-19.08884048461914,71.0625,94.99583333333334
68,-19.281082153320312,71.0625,97.4875
69,-19.53433609008789,71.0625,99.9875
70,-20.015165328979492,71.0625,102.4875
71,-20.392597198486328,71.0625,104.9875
72,-20.3936824798584,71.0625,107.4875
73,-20.419784545898438,71.0625,109.9875
74,-20.152942657470703,71.0625,112.4875
75,-20.40226936340332,71.0625,114.9875
76,-20.56147003173828,71.0625,117.4875
77,-20.559890747070312,71.0625,119.9875
78,-19.376022338867188,72.95416666666667,90.00416666666666
79,-19.68376350402832,72.95416666666667,92.4875
80,-19.70333480834961,72.95416666666667,94.99583333333334
81,-20.023164749145508,72.95416666666667,97.4875
82,-20.10053253173828,72.95416666666667,99.9875
83,-20.113269805908203,72.95416666666667,102.4875
84,-20.080833435058594,72.95416666666667,104.9875
85,-20.141216278076172,72.95416666666667,107.4875
86,-20.037221908569336,72.95416666666667,109.9875
87,-20.201486587524414,72.95416666666667,112.4875
88,-20.286197662353516,72.95416666666667,114.9875
89,-20.4560489654541,72.95416666666667,117.4875
90,-20.369279861450195,72.95416666666667,119.9875
91,-19.598886489868164,74.85416666666667,90.00416666666666
92,-19.937721252441406,74.85416666666667,92.4875
93,-20.04027557373047,74.85416666666667,94.99583333333334
94,-20.28902244567871,74.85416666666667,97.4875
95,-20.052444458007812,74.85416666666667,99.9875
96,-20.348299026489258,74.85416666666667,102.4875
97,-19.813941955566406,74.85416666666667,104.9875
98,-20.154438018798828,74.85416666666667,107.4875
99,-19.999805450439453,74.85416666666667,109.9875
100,-19.8599853515625,74.90416666666667,112.42916666666667
101,-19.62630844116211,76.72916666666667,94.8875
102,-19.8373966217041,76.74583333333334,97.4875
103,-19.58685302734375,76.8125,100.97083333333333
104,-19.70387077331543,76.74583333333334,102.4875
105,-19.861989974975586,76.74583333333334,104.9875
106,-19.754241943359375,76.80416666666667,107.24583333333334
107,-19.877727508544922,76.6875,110.0125
108,-19.89168357849121,76.62916666666666,112.39583333333333
109,-19.785629272460938,79.07083333333333,92.7125
110,-19.908647537231445,78.99583333333334,95.72916666666667
111,-19.86860466003418,78.80416666666667,97.67916666666666
112,-19.670042037963867,78.6125,100.34583333333333
113,-20.741487503051758,78.6375,102.4875
114,-20.413129806518555,78.6375,104.9875
115,-20.083341598510742,78.32083333333333,106.67916666666667
116,-19.790363311767578,80.50416666666666,92.70416666666667
117,-20.808069229125977,80.5375,94.99583333333334
118,-16.027027130126953,80.54583333333333,97.4125
0,-13.115351676940918,31.270833333333332,90.00416666666666
1,-13.016637802124023,31.270833333333332,92.4875
2,-13.697279930114746,31.270833333333332,94.9875
3,-12.846243858337402,31.270833333333332,97.4875
4,-13.24863338470459,31.270833333333332,99.9875
5,-13.289365768432617,31.270833333333332,102.4875
6,-6.812321662902832,31.270833333333332,104.9875
7,-7.503978729248047,31.270833333333332,107.4875
8,-8.082148551940918,31.270833333333332,109.9875
9,-6.682343006134033,31.270833333333332,112.4875
10,-7.08754301071167,31.270833333333332,114.9875
11,-7.2873854637146,31.270833333333332,117.4875
12,-6.773846626281738,31.270833333333332,119.9875
13,-13.005956649780273,33.1625,90.00416666666666
14,-13.118756294250488,33.1625,92.4875
15,-12.731221199035645,33.1625,94.9875
16,-12.606277465820312,33.1625,97.4875
17,-12.5366849899292,33.1625,99.9875
18,-13.432500839233398,33.1625,102.4875
19,-9.26441764831543,33.1625,104.9875
20,-7.25614595413208,33.1625,107.4875
21,-7.445737838745117,33.1625,109.9875
22,-7.046628475189209,33.1625,112.4875
23,-7.06057071685791,33.1625,114.9875
24,-7.015808582305908,33.1625,117.4875
25,-6.611179828643799,33.1625,119.9875
26,-12.759538650512695,35.0625,90.00416666666666
27,-12.482185363769531,35.0625,92.4875
28,-11.53537654876709,35.0625,94.9875
29,-11.299299240112305,35.0625,97.4875
30,-11.791872024536133,35.0625,99.9875
31,-12.351147651672363,35.0625,102.4875
32,-11.285365104675293,35.0625,104.9875
33,-9.431132316589355,35.0625,107.4875
34,-8.022517204284668,35.0625,109.9875
35,-7.347129821777344,35.0625,112.4875
36,-7.300072193145752,35.0625,114.9875
37,-7.519482612609863,35.0625,117.4875
38,-6.82960319519043,34.99583333333334,119.82083333333333
39,-10.668790817260742,36.954166666666666,90.00416666666666
40,-8.765387535095215,36.954166666666666,92.4875
41,-8.04233169555664,36.954166666666666,94.9875
42,-8.886794090270996,36.954166666666666,97.4875
43,-10.272966384887695,36.954166666666666,99.9875
44,-9.742738723754883,36.954166666666666,102.4875
45,-8.64664363861084,36.954166666666666,104.9875
46,-9.133332252502441,36.954166666666666,107.4875
47,-8.590921401977539,36.954166666666666,109.9875
48,-9.951083183288574,36.954166666666666,112.4875
49,-7.544561862945557,36.954166666666666,114.9875
50,-7.342267036437988,36.954166666666666,117.4875
51,-7.724552154541016,36.954166666666666,119.9875
52,-12.110121726989746,38.85416666666667,90.00416666666666
53,-9.20811653137207,38.85416666666667,92.4875
54,-8.44653034210205,38.85416666666667,94.9875
55,-11.809673309326172,38.85416666666667,97.4875
56,-9.14491081237793,38.85416666666667,99.9875
57,-7.623281002044678,38.85416666666667,102.4875
58,-7.759413242340088,38.85416666666667,104.9875
59,-7.7667388916015625,38.85416666666667,107.4875
60,-8.030417442321777,38.85416666666667,109.9875
61,-9.093706130981445,38.85416666666667,112.4875
62,-7.533022880554199,38.85416666666667,114.9875
63,-7.398355960845947,38.85416666666667,117.4875
64,-8.103515625,40.74583333333334,90.00416666666666
65,-8.45775318145752,40.74583333333334,92.4875
66,-7.94296407699585,40.74583333333334,94.9875
67,-7.959395885467529,40.74583333333334,97.4875
68,-7.920799732208252,40.74583333333334,99.9875
69,-7.976149559020996,40.74583333333334,102.4875
70,-7.962556838989258,40.74583333333334,104.9875
71,-8.033535957336426,40.74583333333334,107.4875
72,-8.088679313659668,40.74583333333334,109.9875
73,-8.319361686706543,40.74583333333334,112.4875
74,-8.279727935791016,40.74583333333334,114.9875
75,-8.814335823059082,40.74583333333334,117.4875
76,-8.47274112701416,40.74583333333334,119.9875
77,-7.538405418395996,42.6375,90.00416666666666
78,-7.506099700927734,42.6375,92.4875
79,-8.629901885986328,42.6375,94.9875
80,-8.473464965820312,42.6375,97.4875
81,-8.50098991394043,42.6375,99.9875
82,-8.546343803405762,42.6375,102.4875
83,-8.619157791137695,42.6375,104.9875
84,-8.69936466217041,42.6375,107.4875
85,-8.792447090148926,42.6375,109.9875
86,-8.882065773010254,42.6375,112.4875
87,-8.980667114257812,42.6375,114.9875
88,-9.427865028381348,42.6375,117.4875
89,-9.161334037780762,42.6375,119.9875
90,-9.24947738647461,44.5375,90.00416666666666
91,-9.250665664672852,44.5375,92.4875
92,-9.18178939819336,44.5375,94.9875
93,-9.175323486328125,44.5375,97.4875
94,-9.30784797668457,44.5375,99.9875
95,-9.45047664642334,44.5375,102.4875
96,-9.397062301635742,44.5375,104.9875
97,-9.488567352294922,44.5375,107.4875
98,-9.580757141113281,44.5375,109.9875
99,-9.67846393585205,44.5375,112.4875
100,-9.799089431762695,44.5375,114.9875
101,-9.893991470336914,44.5375,117.4875
102,-9.95035171508789,44.5375,119.9875
103,-10.299154281616211,46.42916666666667,90.00416666666666
104,-13.356866836547852,46.42916666666667,92.4875
105,-10.076123237609863,46.42916666666667,94.9875
106,-11.356447219848633,46.42916666666667,97.4875
107,-13.169922828674316,46.42916666666667,99.9875
108,-11.590468406677246,46.42916666666667,102.4875
109,-10.437111854553223,46.42916666666667,104.9875
110,-10.3934965133667,46.42916666666667,107.4875
111,-10.458198547363281,46.42916666666667,109.9875
112,-10.477663040161133,46.42916666666667,112.4875
113,-10.582340240478516,46.42916666666667,114.9875
114,-10.73340129852295,46.42916666666667,117.4875
115,-11.22923755645752,46.42916666666667,119.9875
116,-17.07561683654785,48.32083333333333,90.00416666666666
117,-11.699711799621582,48.32083333333333,92.4875
118,-12.717351913452148,48.32083333333333,94.9875
119,-14.599580764770508,48.32083333333333,97.4875
120,-14.344156265258789,48.32083333333333,99.9875
121,-12.447308540344238,48.32083333333333,102.4875
122,-12.156353950500488,48.32083333333333,104.9875
123,-14.071578979492188,48.32083333333333,107.4875
124,-11.945174217224121,48.32083333333333,109.9875
125,-11.428778648376465,48.32083333333333,112.4875
126,-11.389476776123047,48.32083333333333,114.9875
127,-11.49963665008545,48.32083333333333,117.4875
128,-12.017587661743164,48.32083333333333,119.9875
129,-17.149953842163086,50.22083333333333,90.00416666666666
130,-14.37137508392334,50.22083333333333,92.4875
131,-15.551133155822754,50.22083333333333,94.9875
132,-17.556228637695312,50.22083333333333,97.4875
133,-14.784732818603516,50.22083333333333,99.9875
134,-14.568763732910156,50.22083333333333,102.4875
135,-13.815688133239746,50.22083333333333,104.9875
136,-13.930427551269531,50.22083333333333,107.4875
137,-15.157318115234375,50.22083333333333,109.9875
138,-13.430266380310059,50.22083333333333,112.4875
139,-12.5044527053833,50.22083333333333,114.9875
140,-13.05073356628418,50.22083333333333,117.4875
141,-13.01902961730957,50.22083333333333,119.9875
142,-16.61423110961914,52.1125,90.00416666666666
143,-15.97155475616455,52.1125,92.4875
144,-17.83586311340332,52.1125,94.9875
145,-17.084665298461914,52.1125,97.4875
146,-17.00983238220215,52.1125,99.9875
147,-14.872220993041992,52.1125,102.4875
148,-14.674354553222656,52.1125,104.9875
149,-13.772705078125,52.1125,107.4875
150,-14.139995574951172,52.1125,109.9875
151,-14.476402282714844,52.1125,112.4875
152,-14.572637557983398,52.1125,114.9875
153,-14.77735710144043,52.1125,117.4875
154,-14.489686965942383,52.1125,119.9875
155,-15.750142097473145,54.0125,90.00416666666666
156,-14.538755416870117,54.0125,92.4875
157,-15.454110145568848,54.0125,94.9875
158,-15.959785461425781,54.0125,97.4875
159,-14.441635131835938,54.0125,99.9875
160,-15.260242462158203,54.0125,102.4875
161,-16.66649055480957,54.0125,104.9875
162,-16.484874725341797,54.0125,107.4875
163,-16.87299919128418,54.0125,109.9875
164,-16.237546920776367,54.0125,112.4875
165,-15.9574613571167,54.0125,114.9875
166,-16.815900802612305,54.0125,117.4875
167,-16.014127731323242,54.0125,119.9875
168,-14.354936599731445,55.90416666666667,90.00416666666666
169,-13.889874458312988,55.90416666666667,92.4875
170,-14.59080696105957,55.90416666666667,94.9875
171,-14.771020889282227,55.90416666666667,97.4875
172,-15.418052673339844,55.90416666666667,99.9875
173,-16.02619171142578,55.90416666666667,102.4875
174,-16.70624351501465,55.90416666666667,104.9875
175,-16.056554794311523,55.90416666666667,107.4875
176,-15.696179389953613,55.90416666666667,109.9875
177,-18.255725860595703,55.90416666666667,112.4875
178,-18.776229858398438,55.90416666666667,114.9875
179,-17.317913055419922,55.90416666666667,117.4875
180,-17.25330352783203,55.90416666666667,119.9875
181,-14.765210151672363,57.795833333333334,90.00416666666666
182,-14.827542304992676,57.795833333333334,92.4875
183,-15.392897605895996,57.795833333333334,94.9875
184,-15.757803916931152,57.795833333333334,97.4875
185,-16.10424041748047,57.795833333333334,99.9875
186,-15.757790565490723,57.795833333333334,102.4875
187,-16.358701705932617,57.795833333333334,104.9875
188,-16.67156982421875,57.795833333333334,107.4875
189,-16.583932876586914,57.795833333333334,109.9875
190,-17.6584415435791,57.795833333333334,112.4875
191,-16.701303482055664,57.795833333333334,114.9875
192,-18.200971603393555,57.795833333333334,117.4875
193,-17.710411071777344,57.795833333333334,119.9875
194,-15.299442291259766,59.69583333333333,90.00416666666666
195,-16.866106033325195,59.69583333333333,92.4875
196,-17.379236221313477,59.69583333333333,94.9875
197,-17.029375076293945,59.69583333333333,97.4875
198,-16.198266983032227,59.69583333333333,99.9875
199,-16.527603149414062,59.69583333333333,102.4875
200,-17.01051139831543,59.69583333333333,104.9875
201,-17.106718063354492,59.69583333333333,107.4875
202,-17.326406478881836,59.69583333333333,109.9875
203,-17.07545280456543,59.69583333333333,112.4875
204,-17.207914352416992,59.69583333333333,114.9875
205,-17.070959091186523,59.69583333333333,117.4875
206,-17.250669479370117,59.69583333333333,119.9875
0,-5.586891174316406,0.9541666666666657,97.4875
1,-6.2590813636779785,0.9541666666666657,99.9875
2,-5.853801727294922,0.9541666666666657,102.50416666666666
3,-5.946925163269043,0.9791666666666679,104.84583333333333
4,-6.211492538452148,0.9458333333333329,107.50416666666666
5,-7.216208457946777,0.9541666666666657,109.9875
6,-7.4885640144348145,0.9541666666666657,112.4875
7,-6.988609313964844,0.9541666666666657,114.9875
8,-6.029490947723389,0.9541666666666657,117.4875
9,-5.3267035484313965,0.5791666666666657,119.79583333333333
10,-5.519196033477783,2.895833333333332,97.52083333333333
11,-5.86538028717041,2.854166666666668,99.9875
12,-5.808614730834961,2.854166666666668,102.4875
13,-6.601219654083252,2.854166666666668,112.4875
14,-7.149654388427734,2.854166666666668,114.9875
15,-6.581742763519287,2.854166666666668,117.4875
16,-5.233814239501953,4.870833333333334,95.37083333333334
17,-5.376782417297363,4.745833333333334,97.4875
18,-5.7819061279296875,4.745833333333334,102.4875
19,-6.597457408905029,4.745833333333334,114.9875
20,-6.184968948364258,4.745833333333334,117.4875
21,-5.318948745727539,4.795833333333334,119.8625
22,-5.511118412017822,6.637499999999999,99.9875
23,-5.654426097869873,6.620833333333334,117.5125
24,-4.732245445251465,8.5625,97.6375
25,-4.364319801330566,8.537500000000001,99.9875
26,-6.057640552520752,8.595833333333335,104.97083333333333
27,-2.7347018718719482,10.462499999999999,97.67916666666666
28,-4.501608371734619,10.120833333333334,99.8375
29,-5.758120536804199,10.370833333333334,102.95416666666667
30,-5.634413719177246,10.429166666666667,104.9875
31,-5.990961074829102,10.470833333333335,107.44583333333333
32,-5.210577964782715,10.495833333333334,119.99583333333334
33,-2.5154664516448975,12.287500000000001,97.77916666666667
34,-4.863701343536377,12.320833333333333,99.9875
35,-5.483677387237549,12.320833333333333,102.4875
36,-6.167612075805664,12.320833333333333,104.9875
37,-6.649318218231201,12.320833333333333,107.4875
38,-4.400818824768066,12.270833333333332,119.97083333333333
39,-2.6039512157440186,14.154166666666667,97.77916666666667
40,-4.981900691986084,14.220833333333333,99.9875
41,-6.116646766662598,14.220833333333333,102.4875
42,-6.570065021514893,14.220833333333333,104.9875
43,-5.7424445152282715,14.220833333333333,107.4875
44,-4.244598865509033,16.1125,94.9875
45,-3.3241946697235107,16.079166666666666,97.5625
46,-5.536850929260254,16.1125,99.9875
47,-6.176570415496826,16.1125,102.4875
48,-6.803137302398682,16.1125,104.9875
49,-6.395826816558838,16.1125,107.4875
50,-3.5408923625946045,16.1125,119.9875
51,-5.1324591636657715,18.0125,94.9875
52,-6.2332000732421875,18.0125,97.4875
53,-6.129249572753906,18.0125,99.9875
54,-7.165849685668945,18.0125,102.4875
55,-6.791841983795166,18.0125,104.9875
56,-5.066110610961914,18.2375,109.7375
57,-2.837322950363159,20.179166666666667,92.7875
58,-4.767102241516113,19.90416666666667,94.9875
59,-6.729752063751221,19.90416666666667,97.4875
60,-6.4900970458984375,19.90416666666667,99.9875
61,-7.790083408355713,19.90416666666667,102.4875
62,-7.867162227630615,19.90416666666667,104.9875
63,-7.119520664215088,20.129166666666666,107.72083333333333
64,-6.457661151885986,19.90416666666667,109.9875
65,-4.580756187438965,21.8625,90.05416666666666
66,-3.88910174369812,21.795833333333334,92.4875
67,-4.930972099304199,21.795833333333334,94.9875
68,-7.304190635681152,21.795833333333334,97.4875
69,-7.4753828048706055,21.795833333333334,99.9875
70,-7.703824996948242,21.795833333333334,102.4875
71,-7.869112491607666,21.795833333333334,104.9875
72,-7.916428565979004,21.795833333333334,107.4875
73,-6.77876615524292,21.795833333333334,109.9875
74,-6.2317328453063965,21.795833333333334,112.4875
75,-6.03434944152832,23.695833333333333,90.00416666666666
76,-6.296329975128174,23.695833333333333,92.4875
77,-6.636325836181641,23.695833333333333,94.9875
78,-7.022547245025635,23.695833333333333,97.4875
79,-9.077491760253906,23.695833333333333,99.9875
80,-7.489956855773926,23.695833333333333,102.4875
81,-8.435874938964844,23.695833333333333,104.9875
82,-7.1915082931518555,23.695833333333333,107.4875
83,-6.415987491607666,23.695833333333333,109.9875
84,-6.135308742523193,23.695833333333333,112.4875
85,-5.7991766929626465,23.695833333333333,114.9875
86,-5.1717681884765625,23.6625,117.4875
87,-4.745022296905518,23.6875,119.67083333333333
88,-5.509127616882324,25.5875,90.00416666666666
89,-6.80858039855957,25.5875,92.4875
90,-7.311751365661621,25.5875,94.9875
91,-5.940857887268066,25.5875,97.4875
92,-8.752750396728516,25.5875,99.9875
93,-8.484101295471191,25.5875,102.4875
94,-8.574328422546387,25.5875,104.9875
95,-7.605517387390137,25.5875,107.4875
96,-7.597282409667969,25.5875,109.9875
97,-6.727260589599609,25.5875,112.4875
98,-6.380173683166504,25.5875,114.9875
99,-6.3753485679626465,25.5875,117.4875
100,-5.204594135284424,25.5875,119.89583333333333
101,-9.427414894104004,27.479166666666668,90.00416666666666
102,-9.529486656188965,27.479166666666668,92.4875
103,-6.585308074951172,27.479166666666668,94.9875
104,-5.9249749183654785,27.479166666666668,97.4875
105,-12.774964332580566,27.479166666666668,99.9875
106,-7.857329368591309,27.479166666666668,102.4875
107,-9.43626880645752,27.479166666666668,104.9875
108,-7.802977561950684,27.479166666666668,107.4875
109,-6.68889856338501,27.479166666666668,109.9875
110,-6.494431495666504,27.479166666666668,112.4875
111,-6.73000431060791,27.479166666666668,114.9875
112,-7.661660194396973,27.479166666666668,117.4875
113,-6.593453884124756,27.479166666666668,119.9875
114,-13.367321968078613,29.379166666666666,90.00416666666666
115,-14.380932807922363,29.379166666666666,92.4875
116,-12.80122184753418,29.379166666666666,94.9875
117,-13.621724128723145,29.379166666666666,97.4875
118,-14.046834945678711,29.379166666666666,99.9875
119,-9.092025756835938,29.379166666666666,102.4875
120,-6.5031657218933105,29.379166666666666,104.9875
121,-6.793665885925293,29.379166666666666,107.4875
122,-6.928785800933838,29.379166666666666,109.9875
123,-6.283315181732178,29.379166666666666,112.4875
124,-7.210853576660156,29.379166666666666,114.9875
125,-7.176572322845459,29.379166666666666,117.4875
126,-6.645964622497559,29.379166666666666,119.9875
0,-3.689420223236084,-29.3625,114.9875
1,-4.662337303161621,-29.3625,117.4875
2,-4.930290699005127,-29.3625,119.9875
3,-3.833644390106201,-27.4625,114.9875
4,-4.388157844543457,-27.4625,117.4875
5,-4.721155643463135,-27.4625,119.9875
6,-3.045130491256714,-25.5875,112.92083333333333
7,-3.289903402328491,-25.570833333333333,114.9875
8,-4.13386344909668,-25.570833333333333,117.4875
9,-4.4606852531433105,-25.570833333333333,119.9875
10,-3.2336676120758057,-23.679166666666667,114.9875
11,-3.4912891387939453,-23.679166666666667,117.4875
12,-4.324243545532227,-23.679166666666667,119.9875
13,-2.5933167934417725,-21.779166666666665,114.9875
14,-3.261479377746582,-21.779166666666665,117.4875
15,-3.7138733863830566,-21.779166666666665,119.9875
16,-2.5324337482452393,-19.9375,119.99583333333334
17,-4.0824384689331055,-10.0375,119.99583333333334
18,-5.011839389801025,-8.404166666666667,112.50416666666666
19,-5.119550704956055,-8.520833333333334,114.99583333333334
20,-4.663251876831055,-8.520833333333334,117.4875
21,-5.055816650390625,-8.520833333333334,119.9875
22,-5.647819995880127,-6.604166666666667,105.1125
23,-5.787057399749756,-6.620833333333334,107.49583333333334
24,-5.7047343254089355,-6.895833333333333,110.0875
25,-5.428370952606201,-6.8374999999999995,112.54583333333333
26,-5.306672096252441,-6.8374999999999995,115.22916666666667
27,-6.0707316398620605,-4.729166666666667,104.9875
28,-5.518343925476074,-4.729166666666667,119.9875
29,-5.616069793701172,-2.8375,100.00416666666666
30,-6.418790340423584,-2.8375,102.4875
31,-6.164541721343994,-2.8375,104.9875
32,-5.858272075653076,-2.845833333333333,107.50416666666666
33,-6.656569480895996,-2.745833333333333,110.04583333333333
34,-6.8731513023376465,-2.8375,112.4875
35,-6.870288848876953,-2.8375,114.9875
36,-5.664069175720215,-2.8375,119.9875
37,-6.237145900726318,-0.7125,100.19583333333333
38,-6.482304096221924,-0.9375,102.4875
39,-6.050918102264404,-0.7791666666666667,104.92916666666667
40,-6.7079386711120605,-0.9375,109.9875
41,-7.404824256896973,-0.9375,112.4875
42,-6.659444332122803,-0.9375,114.9875
43,-6.087561130523682,-0.8875,117.4375
44,-5.8831586837768555,-0.9375,119.9875
0,-5.0372233390808105,-35.045833333333334,117.4875
1,-4.38059663772583,-33.5375,115.0125
2,-5.586091041564941,-33.145833333333336,117.4875
3,-5.614831447601318,-33.145833333333336,119.9875
4,-4.009145259857178,-31.1875,115.40416666666667
5,-4.899565696716309,-31.254166666666666,117.4875
6,-5.34299898147583,-31.254166666666666,119.9875
0,-17.753618240356445,61.587500000000006,120.00416666666666
1,-17.884801864624023,61.587500000000006,122.4875
2,-17.8030948638916,61.587500000000006,124.9875
3,-17.954605102539062,61.587500000000006,127.4875
4,-18.420547485351562,61.587500000000006,129.9875
5,-19.06705093383789,61.587500000000006,132.49583333333334
6,-18.96135902404785,61.587500000000006,134.9875
7,-19.358081817626953,61.587500000000006,137.4875
8,-19.13704490661621,61.587500000000006,139.9875
9,-18.79218101501465,61.587500000000006,142.4875
10,-19.831588745117188,61.587500000000006,144.9875
11,-19.03831672668457,61.587500000000006,147.4875
12,-19.308279037475586,61.587500000000006,149.9875
13,-18.500076293945312,63.47916666666667,120.00416666666666
14,-18.173372268676758,63.47916666666667,122.4875
15,-18.08201789855957,63.47916666666667,124.9875
16,-17.988805770874023,63.47916666666667,127.4875
17,-18.745702743530273,63.47916666666667,129.9875
18,-19.333900451660156,63.47916666666667,132.49583333333334
19,-19.718950271606445,63.47916666666667,134.9875
20,-19.66834259033203,63.47916666666667,137.4875
21,-20.342857360839844,63.47916666666667,139.9875
22,-19.846853256225586,63.47916666666667,142.4875
23,-21.110885620117188,63.47916666666667,144.9875
24,-20.720684051513672,63.47916666666667,147.4875
25,-19.773826599121094,63.47916666666667,149.9875
26,-19.426118850708008,65.37916666666666,120.00416666666666
27,-18.79386329650879,65.37916666666666,122.4875
28,-18.40807342529297,65.37916666666666,124.9875
29,-19.404245376586914,65.37916666666666,127.4875
30,-20.566679000854492,65.37916666666666,129.9875
31,-20.525165557861328,65.37916666666666,132.49583333333334
32,-20.97176170349121,65.37916666666666,134.9875
33,-20.92867660522461,65.37916666666666,137.4875
34,-20.753070831298828,65.37916666666666,139.9875
35,-20.59716033935547,65.37916666666666,142.4875
36,-21.050350189208984,65.37916666666666,144.9875
37,-22.03285789489746,65.37916666666666,147.4875
38,-19.805583953857422,65.37916666666666,149.9875
39,-20.248937606811523,67.27083333333333,120.00416666666666
40,-19.54486846923828,67.27083333333333,122.4875
41,-19.35380744934082,67.27083333333333,124.9875
42,-20.04193687438965,67.27083333333333,127.4875
43,-20.494840621948242,67.27083333333333,129.9875
44,-20.5500545501709,67.27083333333333,132.49583333333334
45,-21.04717445373535,67.27083333333333,134.9875
46,-20.662099838256836,67.27083333333333,137.4875
47,-21.054981231689453,67.27083333333333,139.9875
48,-20.38271713256836,67.27083333333333,142.4875
49,-20.153121948242188,67.27083333333333,144.9875
50,-20.342391967773438,67.27083333333333,147.4875
51,-20.459285736083984,67.27083333333333,149.9875
52,-20.633970260620117,69.1625,120.00416666666666
53,-19.95504379272461,69.1625,122.4875
54,-19.69115447998047,69.1625,124.9875
55,-20.164060592651367,69.1625,127.4875
56,-21.147567749023438,69.1625,129.9875
57,-21.09052085876465,69.1625,132.49583333333334
58,-20.956388473510742,69.1625,134.9875
59,-21.293920516967773,69.1625,137.4875
60,-21.2288761138916,69.1625,139.9875
61,-20.661571502685547,69.1625,142.4875
62,-20.263050079345703,69.1625,144.9875
63,-20.147645950317383,69.1625,147.4875
64,-20.513572692871094,69.1625,149.9875
65,-20.545305252075195,71.0625,120.00416666666666
66,-20.14655113220215,71.0625,122.4875
67,-20.121482849121094,71.0625,124.9875
68,-19.587215423583984,71.0625,127.4875
69,-19.6864070892334,71.0625,130.00416666666666
70,-20.13208770751953,71.0625,132.49583333333334
71,-20.434017181396484,71.0625,134.9875
72,-20.52357292175293,71.0625,137.4875
73,-20.688623428344727,71.0625,139.9875
74,-20.444625854492188,71.0625,142.4875
75,-20.141401290893555,71.0625,144.9875
76,-20.00642967224121,71.0625,147.4875
77,-20.247116088867188,71.0625,149.9875
78,-20.370222091674805,72.95416666666667,120.00416666666666
79,-19.93107795715332,72.95416666666667,122.49583333333334
80,-19.817668914794922,72.95416666666667,124.9875
81,-19.68290901184082,72.95416666666667,127.4875
82,-19.739097595214844,72.9375,129.54583333333332
83,-20.211528778076172,72.87083333333334,140.72916666666666
84,-20.260475158691406,72.70416666666667,142.4125
85,-20.139951705932617,72.6125,144.6125
86,-19.833839416503906,74.8875,137.92916666666667
87,-19.918384552001953,74.85416666666667,140.02916666666667
88,-19.929859161376953,74.85416666666667,142.4875
89,-19.91606330871582,75.05416666666667,144.39583333333334
90,-20.065105438232422,74.9125,147.77083333333334
91,-20.123308181762695,74.85416666666667,149.9875
92,-16.342260360717773,76.6375,148.47916666666666
93,-20.076374053955078,76.74583333333334,149.4375
0,-6.7167277336120605,31.270833333333332,120.00416666666666
1,-5.670262336730957,30.854166666666668,122.67083333333333
2,-5.769965171813965,31.354166666666668,130.1625
3,-6.611809253692627,33.1625,120.00416666666666
4,-6.907970905303955,33.1625,129.9875
5,-6.872937202453613,33.1625,132.4875
6,-7.980125904083252,35.0625,127.4875
7,-7.870632648468018,35.0625,132.4875
8,-8.207419395446777,35.0625,134.9875
9,-7.256802558898926,35.0625,137.4875
10,-6.949295997619629,35.0625,139.9875
11,-7.65872049331665,36.954166666666666,120.00416666666666
12,-7.3797454833984375,36.954166666666666,122.4875
13,-7.745171070098877,36.954166666666666,127.4875
14,-7.387490749359131,36.954166666666666,137.49583333333334
15,-8.340554237365723,36.954166666666666,139.9875
16,-8.09799575805664,39.02083333333333,122.72083333333333
17,-8.266143798828125,38.87916666666666,125.12916666666666
18,-8.303092002868652,38.85416666666667,127.4875
19,-7.881392955780029,38.85416666666667,139.9875
20,-8.45079231262207,40.74583333333334,120.00416666666666
21,-8.479560852050781,40.74583333333334,122.4875
22,-9.501093864440918,40.74583333333334,124.9875
23,-10.634471893310547,40.74583333333334,127.4875
24,-8.461710929870605,40.84583333333333,129.72083333333333
25,-8.046144485473633,40.7375,140.00416666666666
26,-9.16240119934082,42.6375,120.00416666666666
27,-9.31298542022705,42.6375,122.4875
28,-9.60368824005127,42.6375,124.9875
29,-9.849802017211914,42.6375,127.4875
30,-9.896452903747559,42.6375,129.9875
31,-9.35630989074707,42.7375,132.35416666666666
32,-9.807625770568848,42.6375,139.9875
33,-10.795137405395508,42.6375,142.4875
34,-9.030313491821289,42.954166666666666,144.87083333333334
35,-9.95025634765625,44.5375,120.00416666666666
36,-10.030790328979492,44.5375,122.4875
37,-10.181617736816406,44.5375,124.9875
38,-10.349700927734375,44.5375,127.4875
39,-10.600915908813477,44.5375,129.9875
40,-10.455893516540527,44.5375,132.4875
41,-10.842453956604004,44.5375,134.9875
42,-11.069465637207031,44.5375,142.4875
43,-9.628552436828613,44.3375,145.32083333333333
44,-11.213701248168945,46.42916666666667,120.00416666666666
45,-10.82726764678955,46.42916666666667,122.4875
46,-10.92339038848877,46.42916666666667,124.9875
47,-11.040068626403809,46.42916666666667,127.4875
48,-11.158012390136719,46.42916666666667,129.9875
49,-11.225003242492676,46.42916666666667,132.4875
50,-11.448555946350098,46.42916666666667,134.9875
51,-12.125585556030273,46.42916666666667,137.4875
52,-10.873688697814941,46.454166666666666,142.34583333333333
53,-12.069156646728516,48.32083333333333,120.00416666666666
54,-11.922545433044434,48.32083333333333,122.4875
55,-11.795191764831543,48.32083333333333,124.9875
56,-12.187186241149902,48.32083333333333,127.4875
57,-12.252202033996582,48.32083333333333,129.9875
58,-12.176081657409668,48.32083333333333,132.4875
59,-12.206501007080078,48.32083333333333,134.9875
60,-13.56381607055664,48.32083333333333,137.4875
61,-11.96855640411377,48.329166666666666,139.99583333333334
62,-12.134751319885254,48.32083333333333,142.4875
63,-13.02859878540039,50.22083333333333,120.00416666666666
64,-13.29044246673584,50.22083333333333,122.4875
65,-12.917834281921387,50.22083333333333,124.9875
66,-12.736993789672852,50.22083333333333,127.4875
67,-13.234391212463379,50.22083333333333,129.9875
68,-13.766921997070312,50.22083333333333,132.4875
69,-14.019027709960938,50.22083333333333,134.9875
70,-13.188685417175293,50.22083333333333,137.4875
71,-13.493916511535645,50.22083333333333,139.9875
72,-13.461724281311035,50.22083333333333,142.4875
73,-14.391510009765625,52.1125,120.00416666666666
74,-15.03034782409668,52.1125,122.4875
75,-14.123136520385742,52.1125,124.9875
76,-13.997398376464844,52.1125,127.4875
77,-14.334068298339844,52.1125,129.9875
78,-15.010157585144043,52.1125,132.4875
79,-16.751707077026367,52.1125,134.9875
80,-14.591485977172852,52.1125,137.4875
81,-13.929356575012207,52.1125,139.9875
82,-13.596654891967773,52.1125,142.4875
83,-16.17009735107422,54.0125,120.00416666666666
84,-15.102913856506348,54.0125,122.4875
85,-14.996118545532227,54.0125,124.9875
86,-15.40388011932373,54.0125,127.4875
87,-16.096059799194336,54.0125,129.9875
88,-15.071358680725098,54.0125,132.4875
89,-17.47522735595703,54.0125,134.9875
90,-14.534659385681152,54.00416666666666,137.4875
91,-14.583734512329102,54.0125,139.9875
92,-13.812885284423828,54.02916666666667,142.57916666666665
93,-17.229074478149414,55.90416666666667,120.00416666666666
94,-16.47093391418457,55.90416666666667,122.4875
95,-16.87790870666504,55.90416666666667,124.9875
96,-16.942577362060547,55.90416666666667,127.4875
97,-18.162260055541992,55.90416666666667,129.9875
98,-16.816341400146484,55.90416666666667,132.4875
99,-16.140186309814453,55.90416666666667,134.9875
100,-13.433988571166992,55.94583333333333,137.3875
101,-17.53204345703125,57.795833333333334,120.00416666666666
102,-17.862077713012695,57.795833333333334,122.4875
103,-17.676403045654297,57.795833333333334,124.9875
104,-17.886173248291016,57.795833333333334,127.4875
105,-17.595844268798828,57.795833333333334,129.9875
106,-17.525524139404297,57.795833333333334,132.4875
107,-16.735149383544922,57.795833333333334,134.9875
108,-16.382871627807617,57.795833333333334,137.4875
109,-15.556072235107422,57.795833333333334,139.9875
110,-17.305522918701172,59.69583333333333,120.00416666666666
111,-17.511240005493164,59.69583333333333,122.4875
112,-17.403024673461914,59.69583333333333,124.9875
113,-17.79536247253418,59.69583333333333,127.4875
114,-17.90960121154785,59.69583333333333,129.9875
115,-17.81312370300293,59.69583333333333,132.4875
116,-17.523366928100586,59.69583333333333,134.9875
117,-17.47006607055664,59.69583333333333,137.4875
118,-17.5264892578125,59.69583333333333,139.9875
119,-16.210121154785156,59.69583333333333,142.4875
120,-17.913326263427734,59.69583333333333,144.9875
121,-16.18601417541504,59.69583333333333,147.4875
122,-15.512724876403809,59.704166666666666,149.99583333333334
0,-5.196813106536865,0.7375000000000007,120.07083333333334
1,-5.914785861968994,0.9541666666666657,122.4875
2,-5.646773815155029,0.970833333333335,124.9125
3,-5.103773593902588,0.9541666666666657,127.5125
4,-5.239861488342285,4.962499999999999,120.00416666666666
5,-5.341647624969482,6.737500000000001,122.40416666666667
6,-5.122783660888672,6.637499999999999,124.99583333333334
7,-5.544214248657227,8.154166666666669,122.6625
8,-5.621424674987793,8.537500000000001,124.99583333333334
9,-5.428465366363525,10.545833333333334,120.0125
10,-5.357873916625977,10.420833333333334,122.50416666666666
11,-5.022098064422607,10.429166666666667,124.99583333333334
12,-4.414455890655518,12.254166666666666,120.00416666666666
13,-4.446170330047607,12.345833333333335,122.55416666666666
14,-4.691629409790039,12.320833333333333,124.99583333333334
15,-4.624120235443115,13.895833333333332,120.02916666666667
16,-4.2996439933776855,14.220833333333333,122.4875
17,-3.559556245803833,16.1125,120.00416666666666
18,-4.198721408843994,16.245833333333334,122.20416666666667
19,-4.01108455657959,17.920833333333334,120.4125
20,-3.4554691314697266,18.170833333333334,122.2625
21,-4.9052839279174805,23.6375,120.14583333333333
22,-4.788473606109619,25.4875,122.10416666666667
23,-6.634636878967285,27.479166666666668,120.00416666666666
24,-6.652153968811035,29.379166666666666,120.00416666666666
25,-5.3249945640563965,29.454166666666666,122.25416666666666
0,-4.959982395172119,-29.3625,120.00416666666666
1,-4.91672945022583,-29.3625,122.4875
2,-4.673244476318359,-29.3625,124.9875
3,-4.5602264404296875,-29.3625,127.49583333333334
4,-4.583351135253906,-29.3625,129.99583333333334
5,-4.411188125610352,-29.3625,132.4875
6,-4.296647548675537,-29.3625,134.9875
7,-3.8502299785614014,-29.3625,137.4875
8,-3.872182607650757,-29.3625,139.9875
9,-4.132966041564941,-29.3625,142.4875
10,-4.392935276031494,-29.3625,144.99583333333334
11,-4.677553176879883,-29.3625,147.4875
12,-4.884047985076904,-29.3625,149.9875
13,-4.7276611328125,-27.4625,120.00416666666666
14,-4.841569900512695,-27.4625,122.4875
15,-4.669808387756348,-27.4625,124.9875
16,-4.5096540451049805,-27.4625,127.49583333333334
17,-4.660826683044434,-27.4625,129.99583333333334
18,-4.446141242980957,-27.4625,132.4875
19,-3.933210611343384,-27.4625,134.9875
20,-3.5870180130004883,-27.4625,137.4875
21,-3.5918631553649902,-27.4625,139.9875
22,-3.9413199424743652,-27.4625,142.4875
23,-4.329658031463623,-27.4625,144.99583333333334
24,-4.576939582824707,-27.4625,147.4875
25,-4.7408952713012695,-27.4625,149.9875
26,-4.464746475219727,-25.570833333333333,120.00416666666666
27,-4.4450297355651855,-25.570833333333333,122.4875
28,-4.363958358764648,-25.570833333333333,124.9875
29,-4.644191741943359,-25.570833333333333,127.49583333333334
30,-5.0050201416015625,-25.570833333333333,129.99583333333334
31,-4.486624240875244,-25.570833333333333,132.4875
32,-3.7607553005218506,-25.570833333333333,134.9875
33,-3.4049322605133057,-25.570833333333333,137.4875
34,-3.3808822631835938,-25.570833333333333,139.9875
35,-3.7092127799987793,-25.570833333333333,142.4875
36,-4.3822526931762695,-25.570833333333333,144.99583333333334
37,-5.355985641479492,-25.570833333333333,147.4875
38,-4.148422718048096,-25.570833333333333,149.9875
39,-4.331231117248535,-23.679166666666667,120.00416666666666
40,-3.8134312629699707,-23.679166666666667,122.4875
41,-3.882128953933716,-23.679166666666667,124.9875
42,-3.9767751693725586,-23.679166666666667,127.49583333333334
43,-4.397337913513184,-23.679166666666667,129.99583333333334
44,-5.0202836990356445,-23.679166666666667,132.4875
45,-4.080473899841309,-23.679166666666667,134.9875
46,-3.3713455200195312,-23.679166666666667,137.4875
47,-3.303391933441162,-23.679166666666667,139.9875
48,-3.6540377140045166,-23.679166666666667,142.4875
49,-4.0931572914123535,-23.679166666666667,144.99583333333334
50,-4.169168472290039,-23.679166666666667,147.4875
51,-3.5819859504699707,-23.679166666666667,149.9875
52,-3.6924936771392822,-21.779166666666665,120.00416666666666
53,-3.1633806228637695,-21.779166666666665,122.4875
54,-3.562892198562622,-21.779166666666665,124.9875
55,-3.6392266750335693,-21.779166666666665,127.49583333333334
56,-3.8761181831359863,-21.779166666666665,129.99583333333334
57,-4.16770076751709,-21.779166666666665,132.4875
58,-3.789186477661133,-21.779166666666665,134.9875
59,-3.3960773944854736,-21.779166666666665,137.4875
60,-3.5510168075561523,-21.779166666666665,139.9875
61,-3.511669874191284,-21.779166666666665,142.4875
62,-3.9168813228607178,-21.779166666666665,144.99583333333334
63,-3.7313287258148193,-21.779166666666665,147.4875
64,-3.0250532627105713,-21.829166666666666,149.82083333333333
65,-2.530795097351074,-19.9375,120.00416666666666
66,-2.687920331954956,-19.8875,122.4875
67,-2.98288631439209,-19.8875,124.9875
68,-3.297919273376465,-19.8875,127.49583333333334
69,-3.5386486053466797,-19.8875,129.99583333333334
70,-3.3564627170562744,-19.8875,132.4875
71,-3.2944767475128174,-19.8875,134.9875
72,-3.2930734157562256,-19.8875,137.4875
73,-3.187239646911621,-19.8875,139.9875
74,-3.5212504863739014,-19.8875,142.4875
75,-4.7634148597717285,-19.8875,144.99583333333334
76,-3.3962323665618896,-19.8875,147.4875
77,-2.868479013442993,-17.9875,122.4875
78,-3.228407621383667,-17.9875,124.9875
79,-3.7765250205993652,-17.9875,127.49583333333334
80,-3.7450203895568848,-17.9875,129.99583333333334
81,-3.275383949279785,-17.9875,132.4875
82,-3.3157901763916016,-17.9875,134.9875
83,-3.3959593772888184,-17.9875,137.4875
84,-3.506232976913452,-17.9875,139.9875
85,-3.704638957977295,-17.9875,142.4875
86,-4.5864410400390625,-17.9875,144.99583333333334
87,-4.103464603424072,-16.09583333333333,124.9875
88,-4.102243423461914,-16.09583333333333,127.49583333333334
89,-3.7649214267730713,-16.09583333333333,129.99583333333334
90,-3.7254951000213623,-16.09583333333333,132.4875
91,-3.6463544368743896,-16.09583333333333,134.9875
92,-4.391872406005859,-16.154166666666665,137.4625
93,-4.5236334800720215,-16.4875,139.80416666666667
94,-4.405086517333984,-16.09583333333333,142.4875
95,-4.8863420486450195,-16.09583333333333,144.99583333333334
96,-4.2516608238220215,-14.395833333333334,124.97916666666667
97,-4.406221866607666,-14.204166666666666,127.49583333333334
98,-4.918311595916748,-14.204166666666666,129.99583333333334
99,-4.6388044357299805,-14.204166666666666,132.4875
100,-4.13690710067749,-14.204166666666666,134.9875
101,-4.941216468811035,-14.204166666666666,142.4875
102,-5.154384613037109,-14.4375,144.89583333333334
103,-5.219850540161133,-12.304166666666667,132.4875
104,-5.034040451049805,-12.304166666666667,134.9875
105,-5.212428569793701,-12.304166666666667,142.4875
106,-3.9694766998291016,-10.329166666666666,120.1125
107,-4.170116901397705,-10.804166666666667,122.64583333333333
108,-5.463198184967041,-10.4625,142.44583333333333
109,-5.3318376541137695,-10.095833333333333,147.72916666666666
110,-4.806956768035889,-10.4125,149.9875
111,-4.978490352630615,-8.520833333333334,120.00416666666666
112,-4.199960231781006,-8.520833333333334,122.5125
113,-4.24628210067749,-8.354166666666666,125.00416666666666
114,-4.273536205291748,-8.4375,127.3375
115,-5.949786186218262,-8.429166666666667,137.64583333333334
116,-5.822394847869873,-8.329166666666666,140.1625
117,-5.66295862197876,-8.520833333333334,142.4875
118,-5.839950084686279,-8.520833333333334,147.4875
119,-5.868655681610107,-6.545833333333333,134.82083333333333
120,-6.141045093536377,-6.620833333333334,139.9875
121,-5.646548271179199,-6.620833333333334,142.4875
122,-5.884827613830566,-6.620833333333334,144.99583333333334
123,-5.366124153137207,-6.620833333333334,147.4875
124,-4.799310684204102,-6.320833333333333,149.87083333333334
125,-5.448655605316162,-4.729166666666667,120.00416666666666
126,-4.951267242431641,-4.729166666666667,122.4875
127,-5.677826881408691,-4.429166666666666,135.14583333333334
128,-6.835731029510498,-4.729166666666667,137.4875
129,-6.997251510620117,-4.729166666666667,139.9875
130,-5.897556304931641,-4.729166666666667,142.4875
131,-5.420182704925537,-4.729166666666667,144.99583333333334
132,-5.604503631591797,-2.8375,120.00416666666666
133,-4.990390300750732,-2.9208333333333334,122.32083333333334
134,-4.9418158531188965,-3.029166666666667,127.8375
135,-5.1540727615356445,-2.9291666666666667,129.90416666666667
136,-5.5076799392700195,-2.8375,132.4875
137,-5.547466278076172,-2.8958333333333335,134.84583333333333
138,-6.104576587677002,-2.8375,137.4875
139,-5.831364631652832,-2.8375,139.9875
140,-5.635789394378662,-3.120833333333333,142.39583333333334
141,-5.946464538574219,-0.9375,120.00416666666666
142,-5.667799949645996,-0.9375,122.4875
143,-5.207553386688232,-0.8375,129.90416666666667
144,-5.442453861236572,-0.9375,132.4875
145,-5.548136234283447,-0.9708333333333333,134.9375
0,-6.575472831726074,-42.62083333333334,145.2625
1,-7.2407121658325195,-42.62083333333334,147.4875
2,-5.926509380340576,-40.729166666666664,144.9875
3,-5.727591514587402,-40.795833333333334,147.62916666666666
4,-6.474717617034912,-38.5625,142.77916666666667
5,-6.581818580627441,-38.5125,145.12083333333334
6,-6.066568374633789,-36.9375,139.9875
7,-6.903980731964111,-36.9375,142.4875
8,-6.6938042640686035,-36.9375,144.9875
9,-8.504048347473145,-36.9375,147.4875
10,-4.554161071777344,-36.94583333333333,149.92916666666667
11,-5.366377830505371,-34.7875,135.0375
12,-5.707179069519043,-35.045833333333334,137.4875
13,-5.74564266204834,-35.045833333333334,139.9875
14,-5.68798828125,-35.045833333333334,142.4875
15,-5.937496185302734,-35.045833333333334,144.9875
16,-6.324770450592041,-35.045833333333334,147.4875
17,-6.28444766998291,-35.045833333333334,149.9875
18,-5.607471466064453,-33.145833333333336,120.00416666666666
19,-5.325270175933838,-33.145833333333336,122.4875
20,-5.1380205154418945,-32.87083333333333,124.82083333333333
21,-4.9330573081970215,-33.145833333333336,134.9875
22,-4.873152256011963,-33.12083333333333,137.4875
23,-5.072750568389893,-33.145833333333336,139.9875
24,-4.862315654754639,-33.145833333333336,142.4875
25,-5.2862467765808105,-33.145833333333336,144.9875
26,-5.78441858291626,-33.145833333333336,147.4875
27,-6.97410774230957,-33.145833333333336,149.9875
28,-5.3735198974609375,-31.254166666666666,120.00416666666666
29,-5.06720495223999,-31.254166666666666,122.4875
30,-4.9195146560668945,-31.254166666666666,124.9875
31,-4.940378189086914,-31.254166666666666,127.4875
32,-4.829680919647217,-31.254166666666666,129.9875
33,-4.526407718658447,-31.254166666666666,132.4875
34,-4.654541492462158,-31.254166666666666,134.9875
35,-4.573487281799316,-31.254166666666666,137.4875
36,-4.3271074295043945,-31.254166666666666,139.9875
37,-4.698986530303955,-31.254166666666666,142.4875
38,-4.783322334289551,-31.254166666666666,144.9875
39,-5.208346843719482,-31.254166666666666,147.4875
40,-5.208907127380371,-31.254166666666666,149.9875
0,-18.85451889038086,61.587500000000006,150.00416666666666
1,-18.21333885192871,61.587500000000006,152.4875
2,-18.578218460083008,61.587500000000006,154.9875
3,-16.690185546875,61.67916666666667,157.3375
4,-16.55878257751465,61.49583333333334,160.12083333333334
5,-15.996979713439941,61.57083333333333,162.52083333333334
6,-16.78506088256836,61.587500000000006,164.9875
7,-17.37594985961914,61.587500000000006,167.4875
8,-17.43722915649414,61.587500000000006,169.99583333333334
9,-16.502147674560547,61.587500000000006,172.4875
10,-14.973557472229004,61.85416666666667,174.72083333333333
11,-19.883787155151367,63.47916666666667,150.00416666666666
12,-19.718324661254883,63.47916666666667,152.4875
13,-20.48366928100586,63.47916666666667,154.9875
14,-19.867948532104492,63.47916666666667,157.49583333333334
15,-20.09748649597168,63.47916666666667,159.9875
16,-19.359905242919922,63.47916666666667,162.4875
17,-19.849773406982422,63.47916666666667,164.9875
18,-18.557954788208008,63.47916666666667,167.4875
19,-18.682147979736328,63.47916666666667,169.99583333333334
20,-18.92148208618164,63.47916666666667,172.4875
21,-17.475950241088867,63.47916666666667,174.9875
22,-16.2831974029541,63.47916666666667,177.4875
23,-19.80667495727539,65.37916666666666,150.00416666666666
24,-20.071184158325195,65.37916666666666,152.4875
25,-20.13922882080078,65.37916666666666,154.9875
26,-20.279033660888672,65.37916666666666,157.49583333333334
27,-19.900192260742188,65.37916666666666,159.9875
28,-20.73958969116211,65.37916666666666,162.4875
29,-20.63243293762207,65.37916666666666,164.9875
30,-20.723569869995117,65.37916666666666,167.4875
31,-19.887174606323242,65.37916666666666,169.99583333333334
32,-19.0795955657959,65.37916666666666,172.4875
33,-18.726886749267578,65.37916666666666,174.9875
34,-17.75086784362793,65.37916666666666,177.4875
35,-20.47998046875,67.27083333333333,150.00416666666666
36,-20.48655128479004,67.27083333333333,152.4875
37,-20.602907180786133,67.27083333333333,154.9875
38,-20.707456588745117,67.27083333333333,157.49583333333334
39,-20.565793991088867,67.27083333333333,159.9875
40,-19.944854736328125,67.27083333333333,162.4875
41,-20.317821502685547,67.27083333333333,164.9875
42,-20.976402282714844,67.27083333333333,167.4875
43,-21.407026290893555,67.27083333333333,169.99583333333334
44,-20.108001708984375,67.27083333333333,172.4875
45,-20.269580841064453,67.27083333333333,174.9875
46,-20.487546920776367,67.27083333333333,177.4875
47,-20.504838943481445,69.1625,150.00416666666666
48,-20.65176010131836,69.1625,152.4875
49,-20.672006607055664,69.1625,154.9875
50,-20.68122100830078,69.1625,157.49583333333334
51,-20.520950317382812,69.1625,159.9875
52,-20.661930084228516,69.1625,162.4875
53,-20.952680587768555,69.1625,164.9875
54,-20.661155700683594,69.1625,167.4875
55,-20.21208381652832,69.05416666666667,169.3875
56,-19.747356414794922,69.1625,172.4875
57,-19.966156005859375,69.1625,174.9875
58,-20.49598503112793,69.1625,177.4875
59,-20.239280700683594,71.0625,150.00416666666666
60,-20.263751983642578,71.02916666666667,152.04583333333332
61,-20.347558975219727,71.00416666666666,155.04583333333332
62,-20.412120819091797,71.0375,157.50416666666666
63,-16.624818801879883,70.90416666666667,160.44583333333333
64,-20.186580657958984,70.8875,161.5625
65,-16.181236267089844,71.04583333333333,178.62916666666666
66,-20.12629508972168,71.9625,150.00416666666666
67,-20.121042251586914,74.85416666666667,150.00416666666666
0,-13.308408737182617,52.1125,157.49583333333334
1,-16.07112693786621,54.0125,157.49583333333334
2,-12.728041648864746,54.020833333333336,159.94583333333333
3,-13.836018562316895,55.895833333333336,155.65416666666667
4,-15.579290390014648,55.90416666666667,157.49583333333334
5,-14.594040870666504,55.90416666666667,159.9875
6,-13.345890045166016,56.0625,162.82083333333333
7,-15.443963050842285,57.795833333333334,157.49583333333334
8,-15.809798240661621,57.795833333333334,159.9875
9,-14.399338722229004,57.795833333333334,162.5125
10,-15.504159927368164,59.69583333333333,150.0125
11,-15.634933471679688,59.69583333333333,152.4875
12,-15.369217872619629,59.49583333333333,154.97083333333333
13,-15.135327339172363,59.55416666666667,160.49583333333334
14,-16.72862434387207,59.69583333333333,162.4875
15,-14.980491638183594,59.7875,164.8625
16,-13.996394157409668,59.92916666666667,170.27916666666667
0,-4.876080513000488,-29.3625,150.00416666666666
1,-3.4622225761413574,-29.3625,152.4875
2,-4.735482215881348,-27.4625,150.00416666666666
3,-2.8351128101348877,-27.4625,152.4875
4,-4.187661170959473,-25.570833333333333,150.00416666666666
5,-2.5537960529327393,-25.570833333333333,152.4875
6,-3.4625113010406494,-23.679166666666667,150.00416666666666
7,-2.647111177444458,-23.854166666666668,152.37916666666666
8,-3.3526506423950195,-21.920833333333334,150.1125
9,-4.622641563415527,-22.004166666666666,152.72916666666666
10,-3.7370553016662598,-21.554166666666667,165.27083333333334
11,-4.286101341247559,-17.9875,177.49583333333334
12,-4.813573360443115,-10.4125,150.00416666666666
13,-5.034214019775391,-8.3875,150.19583333333333
14,-4.826937675476074,-6.3125,150.00416666666666
15,-4.022885322570801,-5.0125,150.0375
16,-4.8560075759887695,-4.729166666666667,152.37083333333334
0,-7.326767921447754,-46.329166666666666,167.69583333333333
1,-7.559999942779541,-46.44583333333333,169.8125
2,-5.871294021606445,-44.645833333333336,167.6375
3,-9.53394889831543,-44.520833333333336,169.99583333333334
4,-8.73405933380127,-42.62083333333334,172.4875
5,-6.566708087921143,-40.729166666666664,172.4875
6,-6.569856643676758,-40.770833333333336,175.09583333333333
7,-6.142786979675293,-38.8375,174.9875
8,-6.005221843719482,-38.8375,177.4875
9,-4.521641254425049,-37.145833333333336,150.00416666666666
10,-5.137284755706787,-36.9375,174.9875
11,-6.309837341308594,-35.045833333333334,150.00416666666666
12,-4.190402507781982,-35.44583333333333,174.7375
13,-6.847711563110352,-33.145833333333336,150.00416666666666
14,-5.207128524780273,-31.254166666666666,150.00416666666666
15,-4.105282306671143,-31.254166666666666,152.4875
